2018-06-26  ,  0.636
2018-06-25  ,  0.61
2018-06-23  ,  0.644
2018-06-22  ,  0.644
2018-06-21  ,  0.614
2018-06-20  ,  0.635
2018-06-19  ,  0.659
2018-06-18  ,  0.662
2018-06-17  ,  0.668
2018-06-16  ,  0.67
2018-06-15  ,  0.665
2018-06-14  ,  0.707
2018-06-13  ,  0.77
2018-06-12  ,  0.805
2018-06-11  ,  0.859
2018-06-09  ,  0.784
2018-06-08  ,  0.784
2018-06-07  ,  0.814
2018-06-06  ,  0.77
2018-06-05  ,  0.704
2018-06-04  ,  0.738
2018-06-03  ,  0.709
2018-06-01  ,  0.709
2018-05-31  ,  0.662
2018-05-30  ,  0.676
2018-05-29  ,  0.698
2018-05-28  ,  0.643
2018-05-27  ,  0.691
2018-05-25  ,  0.691
2018-05-24  ,  0.737
2018-05-23  ,  0.791
2018-05-22  ,  0.78
2018-05-21  ,  0.756
2018-05-20  ,  0.791
2018-05-18  ,  0.801
2018-05-17  ,  0.839
2018-05-16  ,  0.819
2018-05-15  ,  0.837
2018-05-14  ,  0.838
2018-05-13  ,  0.766
2018-05-11  ,  0.766
2018-05-10  ,  0.761
2018-05-09  ,  0.765
2018-05-08  ,  0.763
2018-05-07  ,  0.748
2018-05-04  ,  0.738
2018-05-03  ,  0.729
2018-05-02  ,  0.77
2018-05-01  ,  0.747
2018-04-30  ,  0.784
2018-04-27  ,  0.782
2018-04-26  ,  0.808
2018-04-25  ,  0.827
2018-04-24  ,  0.854
2018-04-23  ,  0.816
2018-04-20  ,  0.831
2018-04-19  ,  0.786
2018-04-18  ,  0.721
2018-04-17  ,  0.733
2018-04-16  ,  0.721
2018-04-14  ,  0.713
2018-04-13  ,  0.734
2018-04-12  ,  0.713
2018-04-11  ,  0.729
2018-04-10  ,  0.743
2018-04-09  ,  0.737
2018-04-06  ,  0.699
2018-04-05  ,  0.724
2018-04-04  ,  0.707
2018-04-03  ,  0.744
2018-03-30  ,  0.7
2018-03-29  ,  0.73
2018-03-28  ,  0.724
2018-03-27  ,  0.733
2018-03-26  ,  0.758
2018-03-24  ,  0.727
2018-03-23  ,  0.761
2018-03-22  ,  0.742
2018-03-21  ,  0.79
2018-03-20  ,  0.801
2018-03-19  ,  0.805
2018-03-16  ,  0.779
2018-03-15  ,  0.802
2018-03-14  ,  0.815
2018-03-13  ,  0.826
2018-03-12  ,  0.859
2018-03-09  ,  0.849
2018-03-08  ,  0.854
2018-03-07  ,  0.857
2018-03-06  ,  0.884
2018-03-05  ,  0.848
2018-03-02  ,  0.885
2018-03-01  ,  0.884
2018-02-28  ,  0.905
2018-02-27  ,  0.788
2018-02-26  ,  0.778
2018-02-23  ,  0.775
2018-02-22  ,  0.826
2018-02-21  ,  0.84
2018-02-20  ,  0.837
2018-02-19  ,  0.836
2018-02-18  ,  0.807
2018-02-16  ,  0.814
2018-02-15  ,  0.855
2018-02-14  ,  0.855
2018-02-13  ,  0.836
2018-02-12  ,  0.843
2018-02-09  ,  0.821
2018-02-08  ,  0.876
2018-02-07  ,  0.811
2018-02-06  ,  0.8
2018-02-05  ,  0.836
2018-02-02  ,  0.852
2018-02-01  ,  0.814
2018-01-31  ,  0.8
2018-01-30  ,  0.783
2018-01-29  ,  0.805
2018-01-26  ,  0.736
2018-01-25  ,  0.731
2018-01-24  ,  0.701
2018-01-23  ,  0.668
2018-01-22  ,  0.671
2018-01-19  ,  0.666
2018-01-18  ,  0.675
2018-01-17  ,  0.655
2018-01-16  ,  0.645
2018-01-15  ,  0.672
2018-01-12  ,  0.684
2018-01-11  ,  0.691
2018-01-10  ,  0.625
2018-01-09  ,  0.598
2018-01-08  ,  0.581
2018-01-07  ,  0.595
2018-01-05  ,  0.595
2018-01-04  ,  0.6
2018-01-03  ,  0.595
2018-01-02  ,  0.603
2018-01-01  ,  0.582
2017-12-29  ,  0.582
2017-12-28  ,  0.567
2017-12-27  ,  0.529
2017-12-26  ,  0.568
2017-12-25  ,  0.577
2017-12-22  ,  0.581
2017-12-21  ,  0.597
2017-12-20  ,  0.592
2017-12-19  ,  0.534
2017-12-18  ,  0.463
2017-12-16  ,  0.458
2017-12-15  ,  0.463
2017-12-14  ,  0.496
2017-12-13  ,  0.47
2017-12-12  ,  0.465
2017-12-11  ,  0.439
2017-12-08  ,  0.435
2017-12-07  ,  0.439
2017-12-06  ,  0.436
2017-12-05  ,  0.455
2017-12-04  ,  0.479
2017-12-02  ,  0.447
2017-12-01  ,  0.487
2017-11-30  ,  0.512
2017-11-29  ,  0.53
2017-11-28  ,  0.491
2017-11-27  ,  0.509
2017-11-24  ,  0.516
2017-11-23  ,  0.495
2017-11-22  ,  0.5
2017-11-21  ,  0.492
2017-11-20  ,  0.505
2017-11-17  ,  0.507
2017-11-16  ,  0.525
2017-11-15  ,  0.519
2017-11-14  ,  0.54
2017-11-13  ,  0.558
2017-11-10  ,  0.549
2017-11-09  ,  0.537
2017-11-08  ,  0.47
2017-11-07  ,  0.483
2017-11-06  ,  0.504
2017-11-03  ,  0.533
2017-11-02  ,  0.541
2017-11-01  ,  0.538
2017-10-31  ,  0.544
2017-10-30  ,  0.546
2017-10-29  ,  0.56
2017-10-27  ,  0.568
2017-10-26  ,  0.609
2017-10-25  ,  0.654
2017-10-24  ,  0.656
2017-10-23  ,  0.604
2017-10-22  ,  0.631
2017-10-20  ,  0.62
2017-10-19  ,  0.569
2017-10-18  ,  0.574
2017-10-17  ,  0.542
2017-10-16  ,  0.558
2017-10-13  ,  0.598
2017-10-12  ,  0.635
2017-10-11  ,  0.653
2017-10-10  ,  0.633
2017-10-09  ,  0.64
2017-10-06  ,  0.656
2017-10-05  ,  0.641
2017-10-04  ,  0.618
2017-10-03  ,  0.63
2017-10-02  ,  0.614
2017-09-29  ,  0.641
2017-09-28  ,  0.66
2017-09-27  ,  0.65
2017-09-26  ,  0.596
2017-09-25  ,  0.6
2017-09-22  ,  0.63
2017-09-21  ,  0.634
2017-09-20  ,  0.619
2017-09-19  ,  0.626
2017-09-18  ,  0.64
2017-09-15  ,  0.629
2017-09-14  ,  0.587
2017-09-13  ,  0.596
2017-09-12  ,  0.594
2017-09-11  ,  0.548
2017-09-08  ,  0.531
2017-09-07  ,  0.509
2017-09-06  ,  0.552
2017-09-05  ,  0.539
2017-09-04  ,  0.573
2017-09-01  ,  0.594
2017-08-31  ,  0.57
2017-08-30  ,  0.576
2017-08-29  ,  0.573
2017-08-28  ,  0.588
2017-08-25  ,  0.589
2017-08-24  ,  0.587
2017-08-23  ,  0.567
2017-08-22  ,  0.586
2017-08-21  ,  0.59
2017-08-18  ,  0.594
2017-08-17  ,  0.614
2017-08-16  ,  0.625
2017-08-15  ,  0.616
2017-08-14  ,  0.582
2017-08-11  ,  0.569
2017-08-10  ,  0.588
2017-08-09  ,  0.603
2017-08-08  ,  0.648
2017-08-07  ,  0.636
2017-08-06  ,  0.647
2017-08-04  ,  0.643
2017-08-03  ,  0.626
2017-08-02  ,  0.646
2017-08-01  ,  0.656
2017-07-31  ,  0.71
2017-07-28  ,  0.724
2017-07-27  ,  0.698
2017-07-26  ,  0.712
2017-07-25  ,  0.725
2017-07-24  ,  0.659
2017-07-21  ,  0.65
2017-07-20  ,  0.715
2017-07-19  ,  0.698
2017-07-18  ,  0.725
2017-07-17  ,  0.742
2017-07-16  ,  0.762
2017-07-14  ,  0.762
2017-07-13  ,  0.77
2017-07-12  ,  0.756
2017-07-11  ,  0.806
2017-07-10  ,  0.792
2017-07-07  ,  0.811
2017-07-06  ,  0.797
2017-07-05  ,  0.712
2017-07-04  ,  0.715
2017-07-03  ,  0.716
2017-07-02  ,  0.708
2017-07-01  ,  0.708
2017-06-30  ,  0.719
2017-06-29  ,  0.701
2017-06-28  ,  0.633
2017-06-27  ,  0.6
2017-06-26  ,  0.498
2017-06-25  ,  0.512
2017-06-23  ,  0.509
2017-06-22  ,  0.504
2017-06-21  ,  0.518
2017-06-20  ,  0.513
2017-06-19  ,  0.532
2017-06-16  ,  0.53
2017-06-15  ,  0.547
2017-06-14  ,  0.49
2017-06-13  ,  0.537
2017-06-12  ,  0.531
2017-06-09  ,  0.544
2017-06-08  ,  0.539
2017-06-07  ,  0.534
2017-06-06  ,  0.533
2017-06-05  ,  0.574
2017-06-02  ,  0.564
2017-06-01  ,  0.589
2017-05-31  ,  0.584
2017-05-30  ,  0.59
2017-05-29  ,  0.583
2017-05-26  ,  0.615
2017-05-25  ,  0.648
2017-05-24  ,  0.687
2017-05-23  ,  0.671
2017-05-22  ,  0.674
2017-05-19  ,  0.658
2017-05-18  ,  0.642
2017-05-17  ,  0.661
2017-05-16  ,  0.697
2017-05-15  ,  0.702
2017-05-12  ,  0.654
2017-05-11  ,  0.677
2017-05-10  ,  0.654
2017-05-09  ,  0.685
2017-05-08  ,  0.673
2017-05-07  ,  0.682
2017-05-05  ,  0.679
2017-05-04  ,  0.665
2017-05-03  ,  0.614
2017-05-02  ,  0.617
2017-04-28  ,  0.606
2017-04-27  ,  0.588
2017-04-26  ,  0.655
2017-04-25  ,  0.676
2017-04-24  ,  0.534
2017-04-22  ,  0.478
2017-04-21  ,  0.473
2017-04-20  ,  0.466
2017-04-19  ,  0.425
2017-04-18  ,  0.425
2017-04-17  ,  0.424
2017-04-13  ,  0.442
2017-04-12  ,  0.448
2017-04-11  ,  0.45
2017-04-10  ,  0.447
2017-04-07  ,  0.432
2017-04-06  ,  0.458
2017-04-05  ,  0.452
2017-04-04  ,  0.455
2017-04-03  ,  0.498
2017-03-31  ,  0.542
2017-03-30  ,  0.545
2017-03-29  ,  0.555
2017-03-28  ,  0.575
2017-03-27  ,  0.6
2017-03-26  ,  0.603
2017-03-24  ,  0.62
2017-03-23  ,  0.626
2017-03-22  ,  0.615
2017-03-21  ,  0.66
2017-03-20  ,  0.646
2017-03-18  ,  0.641
2017-03-17  ,  0.637
2017-03-16  ,  0.644
2017-03-15  ,  0.61
2017-03-14  ,  0.651
2017-03-13  ,  0.666
2017-03-10  ,  0.66
2017-03-09  ,  0.603
2017-03-08  ,  0.567
2017-03-07  ,  0.514
2017-03-06  ,  0.54
2017-03-03  ,  0.553
2017-03-02  ,  0.512
2017-03-01  ,  0.511
2017-02-28  ,  0.429
2017-02-27  ,  0.45
2017-02-24  ,  0.457
2017-02-23  ,  0.539
2017-02-22  ,  0.581
2017-02-21  ,  0.619
2017-02-20  ,  0.604
2017-02-17  ,  0.604
2017-02-16  ,  0.614
2017-02-15  ,  0.659
2017-02-14  ,  0.651
2017-02-13  ,  0.627
2017-02-10  ,  0.614
2017-02-09  ,  0.571
2017-02-08  ,  0.584
2017-02-07  ,  0.638
2017-02-06  ,  0.66
2017-02-03  ,  0.65
2017-02-02  ,  0.659
2017-02-01  ,  0.731
2017-01-31  ,  0.69
2017-01-30  ,  0.693
2017-01-27  ,  0.71
2017-01-26  ,  0.71
2017-01-25  ,  0.666
2017-01-24  ,  0.573
2017-01-23  ,  0.571
2017-01-20  ,  0.609
2017-01-19  ,  0.568
2017-01-18  ,  0.549
2017-01-17  ,  0.521
2017-01-16  ,  0.531
2017-01-13  ,  0.541
2017-01-12  ,  0.508
2017-01-11  ,  0.521
2017-01-10  ,  0.536
2017-01-09  ,  0.544
2017-01-06  ,  0.565
2017-01-05  ,  0.519
2017-01-04  ,  0.514
2017-01-03  ,  0.503
2017-01-02  ,  0.413
2016-12-30  ,  0.425
2016-12-29  ,  0.415
2016-12-28  ,  0.454
2016-12-27  ,  0.436
2016-12-23  ,  0.463
2016-12-22  ,  0.502
2016-12-21  ,  0.496
2016-12-20  ,  0.519
2016-12-19  ,  0.51
2016-12-16  ,  0.586
2016-12-15  ,  0.632
2016-12-14  ,  0.55
2016-12-13  ,  0.616
2016-12-12  ,  0.677
2016-12-09  ,  0.59
2016-12-08  ,  0.581
2016-12-07  ,  0.554
2016-12-06  ,  0.593
2016-12-05  ,  0.573
2016-12-02  ,  0.54
2016-12-01  ,  0.567
2016-11-30  ,  0.532
2016-11-29  ,  0.523
2016-11-28  ,  0.517
2016-11-25  ,  0.535
2016-11-24  ,  0.564
2016-11-23  ,  0.563
2016-11-22  ,  0.516
2016-11-21  ,  0.547
2016-11-18  ,  0.564
2016-11-17  ,  0.548
2016-11-16  ,  0.592
2016-11-15  ,  0.562
2016-11-14  ,  0.656
2016-11-11  ,  0.56
2016-11-10  ,  0.507
2016-11-09  ,  0.367
2016-11-08  ,  0.363
2016-11-07  ,  0.354
2016-11-04  ,  0.328
2016-11-03  ,  0.369
2016-11-02  ,  0.317
2016-11-01  ,  0.359
2016-10-31  ,  0.351
2016-10-28  ,  0.346
2016-10-27  ,  0.362
2016-10-26  ,  0.268
2016-10-25  ,  0.213
2016-10-24  ,  0.204
2016-10-21  ,  0.182
2016-10-20  ,  0.194
2016-10-19  ,  0.233
2016-10-18  ,  0.232
2016-10-17  ,  0.254
2016-10-15  ,  0.246
2016-10-14  ,  0.245
2016-10-13  ,  0.231
2016-10-12  ,  0.267
2016-10-11  ,  0.248
2016-10-10  ,  0.271
2016-10-08  ,  0.242
2016-10-07  ,  0.242
2016-10-06  ,  0.218
2016-10-05  ,  0.229
2016-10-04  ,  0.154
2016-10-03  ,  0.13
2016-10-01  ,  0.102
2016-09-30  ,  0.102
2016-09-29  ,  0.106
2016-09-28  ,  0.071
2016-09-27  ,  0.066
2016-09-26  ,  0.094
2016-09-25  ,  0.119
2016-09-24  ,  0.119
2016-09-23  ,  0.134
2016-09-22  ,  0.107
2016-09-21  ,  0.199
2016-09-20  ,  0.185
2016-09-19  ,  0.214
2016-09-17  ,  0.197
2016-09-16  ,  0.202
2016-09-15  ,  0.23
2016-09-14  ,  0.219
2016-09-13  ,  0.216
2016-09-12  ,  0.229
2016-09-11  ,  0.187
2016-09-10  ,  0.187
2016-09-09  ,  0.187
2016-09-08  ,  0.109
2016-09-07  ,  0.059
2016-09-06  ,  0.086
2016-09-05  ,  0.14
2016-09-03  ,  0.177
2016-09-02  ,  0.177
2016-09-01  ,  0.149
2016-08-31  ,  0.142
2016-08-30  ,  0.137
2016-08-29  ,  0.132
2016-08-28  ,  0.117
2016-08-27  ,  0.117
2016-08-26  ,  0.117
2016-08-25  ,  0.135
2016-08-24  ,  0.115
2016-08-23  ,  0.11
2016-08-22  ,  0.105
2016-08-19  ,  0.141
2016-08-18  ,  0.086
2016-08-17  ,  0.112
2016-08-16  ,  0.133
2016-08-15  ,  0.094
2016-08-14  ,  0.069
2016-08-13  ,  0.069
2016-08-12  ,  0.054
2016-08-11  ,  0.066
2016-08-10  ,  0.051
2016-08-09  ,  0.071
2016-08-08  ,  0.098
2016-08-06  ,  0.109
2016-08-05  ,  0.108
2016-08-04  ,  0.079
2016-08-03  ,  0.143
2016-08-02  ,  0.119
2016-08-01  ,  0.062
2016-07-29  ,  0.055
2016-07-28  ,  0.094
2016-07-27  ,  0.112
2016-07-26  ,  0.184
2016-07-25  ,  0.181
2016-07-22  ,  0.209
2016-07-21  ,  0.206
2016-07-20  ,  0.218
2016-07-19  ,  0.205
2016-07-18  ,  0.198
2016-07-15  ,  0.227
2016-07-14  ,  0.182
2016-07-13  ,  0.151
2016-07-12  ,  0.184
2016-07-11  ,  0.119
2016-07-10  ,  0.105
2016-07-08  ,  0.105
2016-07-07  ,  0.14
2016-07-06  ,  0.134
2016-07-05  ,  0.138
2016-07-04  ,  0.195
2016-07-03  ,  0.204
2016-07-01  ,  0.204
2016-06-30  ,  0.209
2016-06-29  ,  0.239
2016-06-28  ,  0.28
2016-06-27  ,  0.287
2016-06-24  ,  0.335
2016-06-23  ,  0.427
2016-06-22  ,  0.418
2016-06-21  ,  0.412
2016-06-20  ,  0.42
2016-06-17  ,  0.428
2016-06-16  ,  0.394
2016-06-15  ,  0.387
2016-06-14  ,  0.401
2016-06-13  ,  0.24
2016-06-10  ,  0.222
2016-06-09  ,  0.231
2016-06-08  ,  0.259
2016-06-07  ,  0.259
2016-06-06  ,  0.286
2016-06-05  ,  0.266
2016-06-04  ,  0.266
2016-06-03  ,  0.266
2016-06-02  ,  0.308
2016-06-01  ,  0.323
2016-05-31  ,  0.33
2016-05-30  ,  0.356
2016-05-28  ,  0.329
2016-05-27  ,  0.329
2016-05-26  ,  0.326
2016-05-25  ,  0.333
2016-05-24  ,  0.367
2016-05-23  ,  0.386
2016-05-21  ,  0.372
2016-05-20  ,  0.372
2016-05-19  ,  0.378
2016-05-18  ,  0.373
2016-05-17  ,  0.337
2016-05-16  ,  0.353
2016-05-14  ,  0.328
2016-05-13  ,  0.334
2016-05-12  ,  0.367
2016-05-11  ,  0.342
2016-05-10  ,  0.343
2016-05-09  ,  0.363
2016-05-07  ,  0.385
2016-05-06  ,  0.385
2016-05-05  ,  0.396
2016-05-04  ,  0.427
2016-05-03  ,  0.43
2016-05-02  ,  0.487
2016-04-30  ,  0.488
2016-04-29  ,  0.511
2016-04-28  ,  0.455
2016-04-27  ,  0.48
2016-04-26  ,  0.487
2016-04-25  ,  0.447
2016-04-23  ,  0.426
2016-04-22  ,  0.426
2016-04-21  ,  0.41
2016-04-20  ,  0.353
2016-04-19  ,  0.395
2016-04-18  ,  0.368
2016-04-16  ,  0.339
2016-04-15  ,  0.336
2016-04-14  ,  0.372
2016-04-13  ,  0.35
2016-04-12  ,  0.371
2016-04-11  ,  0.342
2016-04-09  ,  0.317
2016-04-08  ,  0.317
2016-04-07  ,  0.305
2016-04-06  ,  0.326
2016-04-05  ,  0.308
2016-04-04  ,  0.343
2016-04-02  ,  0.339
2016-04-01  ,  0.345
2016-03-31  ,  0.363
2016-03-30  ,  0.365
2016-03-29  ,  0.359
2016-03-28  ,  0.394
2016-03-26  ,  0.389
2016-03-25  ,  0.389
2016-03-24  ,  0.389
2016-03-23  ,  0.418
2016-03-22  ,  0.42
2016-03-21  ,  0.431
2016-03-19  ,  0.433
2016-03-18  ,  0.433
2016-03-17  ,  0.449
2016-03-16  ,  0.498
2016-03-15  ,  0.519
2016-03-14  ,  0.481
2016-03-12  ,  0.48
2016-03-11  ,  0.48
2016-03-10  ,  0.569
2016-03-09  ,  0.495
2016-03-08  ,  0.443
2016-03-07  ,  0.499
2016-03-04  ,  0.522
2016-03-03  ,  0.485
2016-03-02  ,  0.492
2016-03-01  ,  0.443
2016-02-29  ,  0.388
2016-02-27  ,  0.432
2016-02-26  ,  0.44
2016-02-25  ,  0.435
2016-02-24  ,  0.445
2016-02-23  ,  0.47
2016-02-22  ,  0.468
2016-02-20  ,  0.508
2016-02-19  ,  0.508
2016-02-18  ,  0.527
2016-02-17  ,  0.608
2016-02-16  ,  0.609
2016-02-15  ,  0.566
2016-02-14  ,  0.599
2016-02-13  ,  0.581
2016-02-12  ,  0.581
2016-02-11  ,  0.506
2016-02-10  ,  0.547
2016-02-09  ,  0.55
2016-02-08  ,  0.535
2016-02-06  ,  0.585
2016-02-05  ,  0.585
2016-02-04  ,  0.585
2016-02-03  ,  0.549
2016-02-02  ,  0.575
2016-02-01  ,  0.611
2016-01-30  ,  0.592
2016-01-29  ,  0.592
2016-01-28  ,  0.662
2016-01-27  ,  0.696
2016-01-26  ,  0.689
2016-01-25  ,  0.716
2016-01-23  ,  0.725
2016-01-22  ,  0.725
2016-01-21  ,  0.705
2016-01-20  ,  0.747
2016-01-19  ,  0.796
2016-01-18  ,  0.788
2016-01-16  ,  0.78
2016-01-15  ,  0.78
2016-01-14  ,  0.821
2016-01-13  ,  0.824
2016-01-12  ,  0.86
2016-01-11  ,  0.854
2016-01-10  ,  0.825
2016-01-09  ,  0.835
2016-01-08  ,  0.835
2016-01-07  ,  0.866
2016-01-06  ,  0.809
2016-01-05  ,  0.853
2016-01-04  ,  0.852
2016-01-02  ,  0.909
2016-01-01  ,  0.909
2015-12-31  ,  0.909
2015-12-30  ,  0.899
2015-12-29  ,  0.914
2015-12-28  ,  0.838
2015-12-26  ,  0.906
2015-12-25  ,  0.906
2015-12-24  ,  0.896
2015-12-23  ,  0.918
2015-12-22  ,  0.874
2015-12-21  ,  0.822
2015-12-19  ,  0.827
2015-12-18  ,  0.827
2015-12-17  ,  0.87
2015-12-16  ,  0.944
2015-12-15  ,  0.923
2015-12-14  ,  0.84
2015-12-12  ,  0.797
2015-12-11  ,  0.797
2015-12-10  ,  0.833
2015-12-09  ,  0.864
2015-12-08  ,  0.827
2015-12-07  ,  0.855
2015-12-06  ,  0.944
2015-12-05  ,  0.952
2015-12-04  ,  0.952
2015-12-03  ,  0.889
2015-12-02  ,  0.719
2015-12-01  ,  0.723
2015-11-30  ,  0.742
2015-11-28  ,  0.708
2015-11-27  ,  0.708
2015-11-26  ,  0.737
2015-11-25  ,  0.74
2015-11-24  ,  0.767
2015-11-23  ,  0.809
2015-11-22  ,  0.756
2015-11-21  ,  0.75
2015-11-20  ,  0.75
2015-11-19  ,  0.749
2015-11-18  ,  0.78
2015-11-17  ,  0.804
2015-11-16  ,  0.815
2015-11-14  ,  0.837
2015-11-13  ,  0.837
2015-11-12  ,  0.887
2015-11-11  ,  0.88
2015-11-10  ,  0.908
2015-11-09  ,  0.946
2015-11-07  ,  0.954
2015-11-06  ,  0.953
2015-11-05  ,  0.876
2015-11-04  ,  0.869
2015-11-03  ,  0.853
2015-11-02  ,  0.847
2015-10-31  ,  0.786
2015-10-30  ,  0.807
2015-10-29  ,  0.807
2015-10-28  ,  0.717
2015-10-27  ,  0.724
2015-10-26  ,  0.765
2015-10-24  ,  0.781
2015-10-23  ,  0.777
2015-10-22  ,  0.782
2015-10-21  ,  0.852
2015-10-20  ,  0.908
2015-10-19  ,  0.845
2015-10-18  ,  0.828
2015-10-17  ,  0.832
2015-10-16  ,  0.827
2015-10-15  ,  0.831
2015-10-14  ,  0.83
2015-10-13  ,  0.881
2015-10-12  ,  0.866
2015-10-11  ,  0.902
2015-10-10  ,  0.902
2015-10-09  ,  0.902
2015-10-08  ,  0.873
2015-10-07  ,  0.893
2015-10-06  ,  0.886
2015-10-05  ,  0.853
2015-10-03  ,  0.806
2015-10-02  ,  0.791
2015-10-01  ,  0.847
2015-09-30  ,  0.899
2015-09-29  ,  0.91
2015-09-28  ,  0.919
2015-09-27  ,  0.939
2015-09-26  ,  0.944
2015-09-25  ,  0.944
2015-09-24  ,  0.878
2015-09-23  ,  0.898
2015-09-22  ,  0.876
2015-09-21  ,  0.964
2015-09-19  ,  0.947
2015-09-18  ,  0.947
2015-09-17  ,  1.054
2015-09-16  ,  1.047
2015-09-15  ,  1.022
2015-09-14  ,  0.937
2015-09-12  ,  0.94
2015-09-11  ,  0.94
2015-09-10  ,  0.977
2015-09-09  ,  0.99
2015-09-08  ,  0.974
2015-09-07  ,  0.974
2015-09-06  ,  0.965
2015-09-05  ,  0.965
2015-09-04  ,  0.965
2015-09-03  ,  1.041
2015-09-02  ,  1.102
2015-09-01  ,  1.108
2015-08-31  ,  1.072
2015-08-29  ,  1.026
2015-08-28  ,  1.026
2015-08-27  ,  1.054
2015-08-26  ,  1.021
2015-08-25  ,  1.068
2015-08-24  ,  0.912
2015-08-22  ,  0.913
2015-08-21  ,  0.913
2015-08-20  ,  0.888
2015-08-19  ,  0.934
2015-08-18  ,  0.932
2015-08-17  ,  0.905
2015-08-15  ,  0.93
2015-08-14  ,  0.93
2015-08-13  ,  0.913
2015-08-12  ,  0.879
2015-08-11  ,  0.901
2015-08-10  ,  0.97
2015-08-08  ,  0.931
2015-08-07  ,  0.931
2015-08-06  ,  0.988
2015-08-05  ,  1.021
2015-08-04  ,  0.918
2015-08-03  ,  0.911
2015-08-02  ,  0.913
2015-08-01  ,  0.913
2015-07-31  ,  0.913
2015-07-30  ,  0.932
2015-07-29  ,  0.993
2015-07-28  ,  0.973
2015-07-27  ,  0.945
2015-07-25  ,  0.954
2015-07-24  ,  0.954
2015-07-23  ,  1.014
2015-07-22  ,  1.013
2015-07-21  ,  1.045
2015-07-20  ,  0.997
2015-07-18  ,  1.029
2015-07-17  ,  1.038
2015-07-16  ,  1.114
2015-07-15  ,  1.122
2015-07-14  ,  1.2
2015-07-13  ,  1.231
2015-07-11  ,  1.259
2015-07-10  ,  1.259
2015-07-09  ,  1.137
2015-07-08  ,  1.122
2015-07-07  ,  1.089
2015-07-06  ,  1.228
2015-07-04  ,  1.228
2015-07-03  ,  1.228
2015-07-02  ,  1.285
2015-07-01  ,  1.204
2015-06-30  ,  1.154
2015-06-29  ,  1.181
2015-06-27  ,  1.255
2015-06-26  ,  1.255
2015-06-25  ,  1.223
2015-06-24  ,  1.195
2015-06-23  ,  1.064
2015-06-22  ,  1.094
2015-06-21  ,  0.987
2015-06-20  ,  0.987
2015-06-19  ,  0.987
2015-06-18  ,  1.028
2015-06-17  ,  1.053
2015-06-16  ,  1.083
2015-06-15  ,  1.057
2015-06-13  ,  1.045
2015-06-12  ,  1.045
2015-06-11  ,  1.046
2015-06-10  ,  1.141
2015-06-09  ,  1.118
2015-06-08  ,  1.052
2015-06-07  ,  1.004
2015-06-06  ,  1.0
2015-06-05  ,  1.0
2015-06-04  ,  0.97
2015-06-03  ,  0.974
2015-06-02  ,  0.809
2015-06-01  ,  0.65
2015-05-30  ,  0.633
2015-05-29  ,  0.643
2015-05-28  ,  0.679
2015-05-27  ,  0.685
2015-05-26  ,  0.697
2015-05-25  ,  0.733
2015-05-23  ,  0.733
2015-05-22  ,  0.733
2015-05-21  ,  0.767
2015-05-20  ,  0.747
2015-05-19  ,  0.73
2015-05-18  ,  0.783
2015-05-16  ,  0.771
2015-05-15  ,  0.771
2015-05-14  ,  0.827
2015-05-13  ,  0.8
2015-05-12  ,  0.811
2015-05-11  ,  0.73
2015-05-09  ,  0.665
2015-05-08  ,  0.665
2015-05-07  ,  0.716
2015-05-06  ,  0.698
2015-05-05  ,  0.645
2015-05-04  ,  0.54
2015-05-02  ,  0.488
2015-05-01  ,  0.488
2015-04-30  ,  0.488
2015-04-29  ,  0.401
2015-04-28  ,  0.274
2015-04-27  ,  0.274
2015-04-25  ,  0.272
2015-04-24  ,  0.272
2015-04-23  ,  0.275
2015-04-22  ,  0.267
2015-04-21  ,  0.22
2015-04-20  ,  0.204
2015-04-18  ,  0.212
2015-04-17  ,  0.212
2015-04-16  ,  0.214
2015-04-15  ,  0.222
2015-04-14  ,  0.274
2015-04-13  ,  0.294
2015-04-11  ,  0.287
2015-04-10  ,  0.287
2015-04-09  ,  0.299
2015-04-08  ,  0.296
2015-04-07  ,  0.325
2015-04-06  ,  0.337
2015-04-04  ,  0.324
2015-04-03  ,  0.324
2015-04-02  ,  0.32
2015-04-01  ,  0.31
2015-03-31  ,  0.321
2015-03-30  ,  0.373
2015-03-28  ,  0.369
2015-03-27  ,  0.369
2015-03-26  ,  0.38
2015-03-25  ,  0.382
2015-03-24  ,  0.385
2015-03-23  ,  0.369
2015-03-21  ,  0.316
2015-03-20  ,  0.316
2015-03-19  ,  0.325
2015-03-18  ,  0.332
2015-03-17  ,  0.365
2015-03-16  ,  0.335
2015-03-14  ,  0.325
2015-03-13  ,  0.325
2015-03-12  ,  0.309
2015-03-11  ,  0.279
2015-03-10  ,  0.317
2015-03-09  ,  0.398
2015-03-08  ,  0.469
2015-03-07  ,  0.469
2015-03-06  ,  0.469
2015-03-05  ,  0.441
2015-03-04  ,  0.463
2015-03-03  ,  0.456
2015-03-02  ,  0.438
2015-02-28  ,  0.394
2015-02-27  ,  0.394
2015-02-26  ,  0.379
2015-02-25  ,  0.41
2015-02-24  ,  0.456
2015-02-23  ,  0.456
2015-02-21  ,  0.466
2015-02-20  ,  0.466
2015-02-19  ,  0.476
2015-02-18  ,  0.488
2015-02-17  ,  0.477
2015-02-16  ,  0.448
2015-02-14  ,  0.437
2015-02-13  ,  0.437
2015-02-12  ,  0.421
2015-02-11  ,  0.457
2015-02-10  ,  0.468
2015-02-09  ,  0.431
2015-02-07  ,  0.456
2015-02-06  ,  0.456
2015-02-05  ,  0.428
2015-02-04  ,  0.433
2015-02-03  ,  0.402
2015-02-02  ,  0.392
2015-02-01  ,  0.391
2015-01-31  ,  0.41
2015-01-30  ,  0.41
2015-01-29  ,  0.454
2015-01-28  ,  0.447
2015-01-27  ,  0.448
2015-01-26  ,  0.447
2015-01-24  ,  0.412
2015-01-23  ,  0.412
2015-01-22  ,  0.51
2015-01-21  ,  0.578
2015-01-20  ,  0.516
2015-01-19  ,  0.5
2015-01-17  ,  0.507
2015-01-16  ,  0.507
2015-01-15  ,  0.519
2015-01-14  ,  0.517
2015-01-13  ,  0.59
2015-01-12  ,  0.608
2015-01-10  ,  0.641
2015-01-09  ,  0.641
2015-01-08  ,  0.66
2015-01-07  ,  0.624
2015-01-06  ,  0.588
2015-01-05  ,  0.665
2015-01-03  ,  0.666
2015-01-02  ,  0.666
2014-12-31  ,  0.713
2014-12-30  ,  0.713
2014-12-29  ,  0.712
2014-12-28  ,  0.762
2014-12-24  ,  0.762
2014-12-23  ,  0.756
2014-12-22  ,  0.76
2014-12-21  ,  0.769
2014-12-20  ,  0.769
2014-12-19  ,  0.769
2014-12-18  ,  0.792
2014-12-17  ,  0.753
2014-12-16  ,  0.757
2014-12-15  ,  0.786
2014-12-14  ,  0.785
2014-12-13  ,  0.782
2014-12-12  ,  0.782
2014-12-11  ,  0.838
2014-12-10  ,  0.836
2014-12-09  ,  0.835
2014-12-08  ,  0.853
2014-12-06  ,  0.909
2014-12-05  ,  0.909
2014-12-04  ,  0.902
2014-12-03  ,  0.896
2014-12-02  ,  0.895
2014-12-01  ,  0.859
2014-11-30  ,  0.844
2014-11-29  ,  0.844
2014-11-28  ,  0.844
2014-11-27  ,  0.855
2014-11-26  ,  0.898
2014-11-25  ,  0.919
2014-11-24  ,  0.949
2014-11-22  ,  0.946
2014-11-21  ,  0.946
2014-11-20  ,  0.981
2014-11-19  ,  1.017
2014-11-18  ,  0.977
2014-11-17  ,  0.974
2014-11-16  ,  0.974
2014-11-15  ,  0.97
2014-11-14  ,  0.97
2014-11-13  ,  0.991
2014-11-12  ,  0.987
2014-11-11  ,  1.011
2014-11-10  ,  1.01
2014-11-08  ,  1.015
2014-11-07  ,  1.015
2014-11-06  ,  1.022
2014-11-05  ,  1.029
2014-11-04  ,  1.006
2014-11-03  ,  1.065
2014-11-01  ,  1.045
2014-10-31  ,  1.045
2014-10-30  ,  1.065
2014-10-29  ,  1.109
2014-10-28  ,  1.1
2014-10-27  ,  1.103
2014-10-25  ,  1.121
2014-10-24  ,  1.121
2014-10-23  ,  1.11
2014-10-22  ,  1.093
2014-10-21  ,  1.095
2014-10-20  ,  1.108
2014-10-18  ,  1.111
2014-10-17  ,  1.111
2014-10-16  ,  1.089
2014-10-15  ,  0.988
2014-10-14  ,  1.064
2014-10-13  ,  1.108
2014-10-11  ,  1.101
2014-10-10  ,  1.101
2014-10-09  ,  1.097
2014-10-08  ,  1.115
2014-10-07  ,  1.128
2014-10-06  ,  1.109
2014-10-04  ,  1.14
2014-10-03  ,  1.14
2014-10-02  ,  1.13
2014-10-01  ,  1.116
2014-09-30  ,  1.156
2014-09-29  ,  1.17
2014-09-27  ,  1.164
2014-09-26  ,  1.174
2014-09-25  ,  1.176
2014-09-24  ,  1.193
2014-09-23  ,  1.218
2014-09-22  ,  1.223
2014-09-20  ,  1.253
2014-09-19  ,  1.253
2014-09-18  ,  1.311
2014-09-17  ,  1.266
2014-09-16  ,  1.282
2014-09-15  ,  1.271
2014-09-13  ,  1.291
2014-09-12  ,  1.294
2014-09-11  ,  1.252
2014-09-10  ,  1.246
2014-09-09  ,  1.226
2014-09-08  ,  1.162
2014-09-06  ,  1.173
2014-09-05  ,  1.173
2014-09-04  ,  1.217
2014-09-03  ,  1.222
2014-09-02  ,  1.199
2014-09-01  ,  1.136
2014-08-31  ,  1.14
2014-08-30  ,  1.134
2014-08-29  ,  1.134
2014-08-28  ,  1.115
2014-08-27  ,  1.14
2014-08-26  ,  1.177
2014-08-25  ,  1.2
2014-08-23  ,  1.258
2014-08-22  ,  1.258
2014-08-21  ,  1.257
2014-08-20  ,  1.253
2014-08-19  ,  1.264
2014-08-18  ,  1.287
2014-08-17  ,  1.246
2014-08-16  ,  1.246
2014-08-15  ,  1.246
2014-08-14  ,  1.284
2014-08-13  ,  1.315
2014-08-12  ,  1.34
2014-08-11  ,  1.337
2014-08-10  ,  1.322
2014-08-09  ,  1.32
2014-08-08  ,  1.32
2014-08-07  ,  1.348
2014-08-06  ,  1.379
2014-08-05  ,  1.433
2014-08-04  ,  1.38
2014-08-02  ,  1.384
2014-08-01  ,  1.392
2014-07-31  ,  1.419
2014-07-30  ,  1.407
2014-07-29  ,  1.37
2014-07-28  ,  1.4
2014-07-27  ,  1.401
2014-07-26  ,  1.404
2014-07-25  ,  1.404
2014-07-24  ,  1.426
2014-07-23  ,  1.393
2014-07-22  ,  1.425
2014-07-21  ,  1.395
2014-07-20  ,  1.419
2014-07-19  ,  1.421
2014-07-18  ,  1.421
2014-07-17  ,  1.439
2014-07-16  ,  1.464
2014-07-15  ,  1.488
2014-07-14  ,  1.487
2014-07-12  ,  1.486
2014-07-11  ,  1.49
2014-07-10  ,  1.487
2014-07-09  ,  1.512
2014-07-08  ,  1.499
2014-07-07  ,  1.544
2014-07-05  ,  1.551
2014-07-04  ,  1.551
2014-07-03  ,  1.586
2014-07-02  ,  1.585
2014-07-01  ,  1.56
2014-06-30  ,  1.56
2014-06-28  ,  1.572
2014-06-27  ,  1.572
2014-06-26  ,  1.55
2014-06-25  ,  1.573
2014-06-24  ,  1.629
2014-06-23  ,  1.632
2014-06-22  ,  1.655
2014-06-21  ,  1.655
2014-06-20  ,  1.655
2014-06-19  ,  1.633
2014-06-18  ,  1.701
2014-06-17  ,  1.737
2014-06-16  ,  1.69
2014-06-14  ,  1.706
2014-06-13  ,  1.706
2014-06-12  ,  1.717
2014-06-11  ,  1.712
2014-06-10  ,  1.701
2014-06-09  ,  1.676
2014-06-07  ,  1.679
2014-06-06  ,  1.679
2014-06-05  ,  1.756
2014-06-04  ,  1.623
2014-06-03  ,  1.597
2014-06-02  ,  1.551
2014-05-31  ,  1.551
2014-05-30  ,  1.556
2014-05-29  ,  1.53
2014-05-28  ,  1.515
2014-05-27  ,  1.579
2014-05-26  ,  1.606
2014-05-25  ,  1.61
2014-05-24  ,  1.607
2014-05-23  ,  1.607
2014-05-22  ,  1.613
2014-05-21  ,  1.634
2014-05-20  ,  1.615
2014-05-19  ,  1.58
2014-05-17  ,  1.569
2014-05-16  ,  1.564
2014-05-15  ,  1.544
2014-05-14  ,  1.597
2014-05-13  ,  1.658
2014-05-12  ,  1.701
2014-05-10  ,  1.677
2014-05-09  ,  1.672
2014-05-08  ,  1.67
2014-05-07  ,  1.707
2014-05-06  ,  1.693
2014-05-05  ,  1.694
2014-05-03  ,  1.686
2014-05-02  ,  1.686
2014-05-01  ,  1.713
2014-04-30  ,  1.713
2014-04-29  ,  1.749
2014-04-28  ,  1.748
2014-04-27  ,  1.719
2014-04-26  ,  1.713
2014-04-25  ,  1.713
2014-04-24  ,  1.745
2014-04-23  ,  1.757
2014-04-22  ,  1.766
2014-04-21  ,  1.734
2014-04-19  ,  1.734
2014-04-18  ,  1.734
2014-04-17  ,  1.734
2014-04-16  ,  1.706
2014-04-15  ,  1.702
2014-04-14  ,  1.762
2014-04-12  ,  1.753
2014-04-11  ,  1.752
2014-04-10  ,  1.768
2014-04-09  ,  1.821
2014-04-08  ,  1.803
2014-04-07  ,  1.792
2014-04-05  ,  1.777
2014-04-04  ,  1.778
2014-04-03  ,  1.85
2014-04-02  ,  1.857
2014-04-01  ,  1.84
2014-03-31  ,  1.827
2014-03-29  ,  1.799
2014-03-28  ,  1.802
2014-03-27  ,  1.771
2014-03-26  ,  1.816
2014-03-25  ,  1.844
2014-03-24  ,  1.848
2014-03-22  ,  1.897
2014-03-21  ,  1.888
2014-03-20  ,  1.92
2014-03-19  ,  1.873
2014-03-18  ,  1.847
2014-03-17  ,  1.848
2014-03-15  ,  1.841
2014-03-14  ,  1.834
2014-03-13  ,  1.847
2014-03-12  ,  1.891
2014-03-11  ,  1.933
2014-03-10  ,  1.917
2014-03-09  ,  1.935
2014-03-08  ,  1.931
2014-03-07  ,  1.931
2014-03-06  ,  1.938
2014-03-05  ,  1.886
2014-03-04  ,  1.886
2014-03-03  ,  1.868
2014-03-01  ,  1.934
2014-02-28  ,  1.934
2014-02-27  ,  1.863
2014-02-26  ,  1.913
2014-02-25  ,  1.947
2014-02-24  ,  1.973
2014-02-22  ,  1.957
2014-02-21  ,  1.96
2014-02-20  ,  1.993
2014-02-19  ,  1.958
2014-02-18  ,  1.964
2014-02-17  ,  1.974
2014-02-15  ,  1.98
2014-02-14  ,  1.981
2014-02-13  ,  1.983
2014-02-12  ,  2.02
2014-02-11  ,  1.98
2014-02-10  ,  1.97
2014-02-08  ,  1.934
2014-02-07  ,  1.936
2014-02-06  ,  1.97
2014-02-05  ,  1.902
2014-02-04  ,  1.908
2014-02-03  ,  1.903
2014-02-01  ,  1.921
2014-01-31  ,  1.926
2014-01-30  ,  1.978
2014-01-29  ,  2.006
2014-01-28  ,  2.023
2014-01-27  ,  2.024
2014-01-25  ,  2.024
2014-01-24  ,  2.024
2014-01-23  ,  2.081
2014-01-22  ,  2.111
2014-01-21  ,  2.091
2014-01-20  ,  2.077
2014-01-18  ,  2.097
2014-01-17  ,  2.099
2014-01-16  ,  2.129
2014-01-15  ,  2.175
2014-01-14  ,  2.159
2014-01-13  ,  2.178
2014-01-11  ,  2.204
2014-01-10  ,  2.209
2014-01-09  ,  2.259
2014-01-08  ,  2.218
2014-01-07  ,  2.207
2014-01-06  ,  2.236
2014-01-04  ,  2.262
2014-01-03  ,  2.262
2014-01-02  ,  2.263
2014-01-01  ,  2.282
2013-12-31  ,  2.279
2013-12-30  ,  2.275
2013-12-28  ,  2.271
2013-12-27  ,  2.271
2013-12-26  ,  2.197
2013-12-25  ,  2.197
2013-12-24  ,  2.197
2013-12-23  ,  2.193
2013-12-21  ,  2.182
2013-12-20  ,  2.182
2013-12-19  ,  2.175
2013-12-18  ,  2.155
2013-12-17  ,  2.149
2013-12-16  ,  2.158
2013-12-14  ,  2.161
2013-12-13  ,  2.161
2013-12-12  ,  2.164
2013-12-11  ,  2.155
2013-12-10  ,  2.153
2013-12-09  ,  2.172
2013-12-07  ,  2.174
2013-12-06  ,  2.174
2013-12-05  ,  2.178
2013-12-04  ,  2.113
2013-12-03  ,  2.059
2013-12-02  ,  2.082
2013-11-30  ,  2.06
2013-11-29  ,  2.06
2013-11-28  ,  2.056
2013-11-27  ,  2.064
2013-11-26  ,  2.048
2013-11-25  ,  2.078
2013-11-23  ,  2.087
2013-11-22  ,  2.087
2013-11-21  ,  2.102
2013-11-20  ,  2.08
2013-11-19  ,  2.103
2013-11-18  ,  2.069
2013-11-17  ,  2.088
2013-11-16  ,  2.098
2013-11-15  ,  2.098
2013-11-14  ,  2.087
2013-11-13  ,  2.111
2013-11-12  ,  2.138
2013-11-11  ,  2.096
2013-11-09  ,  2.103
2013-11-08  ,  2.103
2013-11-07  ,  2.042
2013-11-06  ,  2.109
2013-11-05  ,  2.095
2013-11-04  ,  2.039
2013-11-03  ,  2.036
2013-11-02  ,  2.036
2013-11-01  ,  2.036
2013-10-31  ,  2.056
2013-10-30  ,  2.076
2013-10-29  ,  2.127
2013-10-28  ,  2.134
2013-10-27  ,  2.136
2013-10-26  ,  2.142
2013-10-25  ,  2.142
2013-10-24  ,  2.141
2013-10-23  ,  2.138
2013-10-22  ,  2.177
2013-10-21  ,  2.244
2013-10-19  ,  2.222
2013-10-18  ,  2.222
2013-10-17  ,  2.257
2013-10-16  ,  2.314
2013-10-15  ,  2.289
2013-10-14  ,  2.246
2013-10-12  ,  2.248
2013-10-11  ,  2.248
2013-10-10  ,  2.252
2013-10-09  ,  2.214
2013-10-08  ,  2.211
2013-10-07  ,  2.199
2013-10-06  ,  2.233
2013-10-05  ,  2.233
2013-10-04  ,  2.233
2013-10-03  ,  2.223
2013-10-02  ,  2.213
2013-10-01  ,  2.21
2013-09-30  ,  2.193
2013-09-29  ,  2.201
2013-09-28  ,  2.206
2013-09-27  ,  2.206
2013-09-26  ,  2.249
2013-09-25  ,  2.225
2013-09-24  ,  2.246
2013-09-23  ,  2.315
2013-09-22  ,  2.354
2013-09-21  ,  2.351
2013-09-20  ,  2.351
2013-09-19  ,  2.334
2013-09-18  ,  2.398
2013-09-17  ,  2.358
2013-09-16  ,  2.339
2013-09-15  ,  2.381
2013-09-14  ,  2.385
2013-09-13  ,  2.385
2013-09-12  ,  2.39
2013-09-11  ,  2.438
2013-09-10  ,  2.48
2013-09-09  ,  2.402
2013-09-08  ,  2.386
2013-09-07  ,  2.386
2013-09-06  ,  2.394
2013-09-05  ,  2.465
2013-09-04  ,  2.366
2013-09-03  ,  2.375
2013-09-02  ,  2.34
2013-09-01  ,  2.306
2013-08-31  ,  2.305
2013-08-30  ,  2.305
2013-08-29  ,  2.31
2013-08-28  ,  2.318
2013-08-27  ,  2.29
2013-08-26  ,  2.307
2013-08-24  ,  2.343
2013-08-23  ,  2.343
2013-08-22  ,  2.335
2013-08-21  ,  2.311
2013-08-20  ,  2.282
2013-08-19  ,  2.309
2013-08-17  ,  2.258
2013-08-16  ,  2.258
2013-08-15  ,  2.264
2013-08-14  ,  2.188
2013-08-13  ,  2.205
2013-08-12  ,  2.102
2013-08-11  ,  2.081
2013-08-10  ,  2.081
2013-08-09  ,  2.09
2013-08-08  ,  2.085
2013-08-07  ,  2.093
2013-08-06  ,  2.114
2013-08-05  ,  2.106
2013-08-03  ,  2.065
2013-08-02  ,  2.065
2013-08-01  ,  2.091
2013-07-31  ,  2.083
2013-07-30  ,  2.109
2013-07-29  ,  2.101
2013-07-27  ,  2.092
2013-07-26  ,  2.092
2013-07-25  ,  2.099
2013-07-24  ,  2.061
2013-07-23  ,  1.995
2013-07-22  ,  1.978
2013-07-20  ,  1.984
2013-07-19  ,  1.984
2013-07-18  ,  1.993
2013-07-17  ,  2.017
2013-07-16  ,  2.029
2013-07-15  ,  2.047
2013-07-13  ,  2.024
2013-07-12  ,  2.024
2013-07-11  ,  2.056
2013-07-10  ,  2.094
2013-07-09  ,  2.095
2013-07-08  ,  2.141
2013-07-06  ,  2.159
2013-07-05  ,  2.159
2013-07-04  ,  2.118
2013-07-03  ,  2.13
2013-07-02  ,  2.136
2013-07-01  ,  2.155
2013-06-29  ,  2.18
2013-06-28  ,  2.18
2013-06-27  ,  2.159
2013-06-26  ,  2.214
2013-06-25  ,  2.304
2013-06-24  ,  2.314
2013-06-23  ,  2.144
2013-06-22  ,  2.149
2013-06-21  ,  2.149
2013-06-20  ,  2.086
2013-06-19  ,  1.947
2013-06-18  ,  1.979
2013-06-17  ,  1.927
2013-06-16  ,  1.917
2013-06-15  ,  1.923
2013-06-14  ,  1.923
2013-06-13  ,  2.005
2013-06-12  ,  2.044
2013-06-11  ,  2.037
2013-06-10  ,  2.003
2013-06-08  ,  1.946
2013-06-07  ,  1.956
2013-06-06  ,  1.953
2013-06-05  ,  1.895
2013-06-04  ,  1.935
2013-06-03  ,  1.927
2013-06-01  ,  1.91
2013-05-31  ,  1.91
2013-05-30  ,  1.917
2013-05-29  ,  1.903
2013-05-28  ,  1.86
2013-05-27  ,  1.822
2013-05-25  ,  1.79
2013-05-24  ,  1.79
2013-05-23  ,  1.784
2013-05-22  ,  1.757
2013-05-21  ,  1.766
2013-05-20  ,  1.712
2013-05-18  ,  1.68
2013-05-17  ,  1.68
2013-05-16  ,  1.715
2013-05-15  ,  1.767
2013-05-14  ,  1.769
2013-05-13  ,  1.763
2013-05-11  ,  1.767
2013-05-10  ,  1.767
2013-05-09  ,  1.67
2013-05-08  ,  1.651
2013-05-07  ,  1.677
2013-05-06  ,  1.652
2013-05-04  ,  1.653
2013-05-03  ,  1.653
2013-05-02  ,  1.592
2013-05-01  ,  1.628
2013-04-30  ,  1.628
2013-04-29  ,  1.642
2013-04-27  ,  1.653
2013-04-26  ,  1.653
2013-04-25  ,  1.673
2013-04-24  ,  1.671
2013-04-23  ,  1.662
2013-04-22  ,  1.679
2013-04-20  ,  1.731
2013-04-19  ,  1.731
2013-04-18  ,  1.562
2013-04-17  ,  1.561
2013-04-16  ,  1.593
2013-04-15  ,  1.587
2013-04-13  ,  1.593
2013-04-12  ,  1.602
2013-04-11  ,  1.642
2013-04-10  ,  1.657
2013-04-09  ,  1.57
2013-04-08  ,  1.502
2013-04-06  ,  1.482
2013-04-05  ,  1.491
2013-04-04  ,  1.599
2013-04-03  ,  1.67
2013-04-02  ,  1.699
2013-03-30  ,  1.694
2013-03-29  ,  1.694
2013-03-28  ,  1.688
2013-03-27  ,  1.669
2013-03-26  ,  1.695
2013-03-25  ,  1.677
2013-03-23  ,  1.707
2013-03-22  ,  1.675
2013-03-21  ,  1.659
2013-03-20  ,  1.684
2013-03-19  ,  1.664
2013-03-18  ,  1.696
2013-03-17  ,  1.732
2013-03-16  ,  1.757
2013-03-15  ,  1.728
2013-03-14  ,  1.756
2013-03-13  ,  1.753
2013-03-12  ,  1.765
2013-03-11  ,  1.761
2013-03-09  ,  1.786
2013-03-08  ,  1.761
2013-03-07  ,  1.791
2013-03-06  ,  1.76
2013-03-05  ,  1.767
2013-03-04  ,  1.745
2013-03-02  ,  1.788
2013-03-01  ,  1.772
2013-02-28  ,  1.819
2013-02-27  ,  1.809
2013-02-26  ,  1.86
2013-02-25  ,  1.923
2013-02-23  ,  1.938
2013-02-22  ,  1.917
2013-02-21  ,  1.928
2013-02-20  ,  1.987
2013-02-19  ,  1.962
2013-02-18  ,  1.972
2013-02-17  ,  1.987
2013-02-16  ,  2.02
2013-02-15  ,  1.993
2013-02-14  ,  1.983
2013-02-13  ,  2.008
2013-02-12  ,  1.97
2013-02-11  ,  1.948
2013-02-10  ,  1.935
2013-02-09  ,  1.969
2013-02-08  ,  1.942
2013-02-07  ,  1.942
2013-02-06  ,  1.982
2013-02-05  ,  1.976
2013-02-04  ,  1.95
2013-02-02  ,  2.003
2013-02-01  ,  1.978
2013-01-31  ,  1.992
2013-01-30  ,  2.035
2013-01-29  ,  1.98
2013-01-28  ,  2.003
2013-01-26  ,  1.969
2013-01-25  ,  1.939
2013-01-24  ,  1.89
2013-01-23  ,  1.859
2013-01-22  ,  1.885
2013-01-21  ,  1.92
2013-01-19  ,  1.914
2013-01-18  ,  1.89
2013-01-17  ,  1.939
2013-01-16  ,  1.874
2013-01-15  ,  1.867
2013-01-14  ,  1.881
2013-01-13  ,  1.899
2013-01-12  ,  1.921
2013-01-11  ,  1.898
2013-01-10  ,  1.863
2013-01-09  ,  1.843
2013-01-08  ,  1.861
2013-01-07  ,  1.886
2013-01-05  ,  1.95
2013-01-04  ,  1.923
2013-01-03  ,  1.894
2013-01-02  ,  1.847
2013-01-01  ,  1.749
2012-12-31  ,  1.749
2012-12-30  ,  1.751
2012-12-29  ,  1.752
2012-12-28  ,  1.762
2012-12-27  ,  1.756
2012-12-26  ,  1.758
2012-12-25  ,  1.76
2012-12-24  ,  1.761
2012-12-23  ,  1.761
2012-12-22  ,  1.761
2012-12-21  ,  1.762
2012-12-20  ,  1.764
2012-12-19  ,  1.78
2012-12-18  ,  1.816
2012-12-17  ,  1.773
2012-12-15  ,  1.762
2012-12-14  ,  1.738
2012-12-13  ,  1.737
2012-12-12  ,  1.729
2012-12-11  ,  1.721
2012-12-10  ,  1.707
2012-12-08  ,  1.709
2012-12-07  ,  1.701
2012-12-06  ,  1.744
2012-12-05  ,  1.743
2012-12-04  ,  1.773
2012-12-03  ,  1.773
2012-12-01  ,  1.76
2012-11-30  ,  1.743
2012-11-29  ,  1.753
2012-11-28  ,  1.767
2012-11-27  ,  1.827
2012-11-26  ,  1.836
2012-11-24  ,  1.86
2012-11-23  ,  1.855
2012-11-22  ,  1.872
2012-11-21  ,  1.87
2012-11-20  ,  1.846
2012-11-19  ,  1.785
2012-11-17  ,  1.786
2012-11-16  ,  1.772
2012-11-15  ,  1.789
2012-11-14  ,  1.788
2012-11-13  ,  1.77
2012-11-12  ,  1.801
2012-11-10  ,  1.821
2012-11-09  ,  1.816
2012-11-08  ,  1.853
2012-11-07  ,  1.865
2012-11-06  ,  1.888
2012-11-05  ,  1.943
2012-11-03  ,  1.965
2012-11-02  ,  1.955
2012-11-01  ,  1.971
2012-10-31  ,  1.995
2012-10-30  ,  1.997
2012-10-29  ,  2.008
2012-10-27  ,  2.035
2012-10-26  ,  2.035
2012-10-25  ,  2.041
2012-10-24  ,  2.033
2012-10-23  ,  2.038
2012-10-22  ,  2.043
2012-10-19  ,  2.029
2012-10-18  ,  2.032
2012-10-17  ,  2.058
2012-10-16  ,  2.01
2012-10-15  ,  1.942
2012-10-13  ,  1.962
2012-10-12  ,  1.969
2012-10-11  ,  1.998
2012-10-10  ,  2.003
2012-10-09  ,  2.018
2012-10-08  ,  2.051
2012-10-06  ,  2.06
2012-10-05  ,  2.07
2012-10-04  ,  1.947
2012-10-03  ,  1.933
2012-10-02  ,  1.969
2012-10-01  ,  1.943
2012-09-29  ,  1.938
2012-09-28  ,  1.923
2012-09-27  ,  1.951
2012-09-26  ,  1.949
2012-09-25  ,  2.039
2012-09-24  ,  2.021
2012-09-23  ,  2.062
2012-09-22  ,  2.062
2012-09-21  ,  2.066
2012-09-20  ,  2.048
2012-09-19  ,  2.05
2012-09-18  ,  2.04
2012-09-17  ,  2.08
2012-09-15  ,  2.092
2012-09-14  ,  2.09
2012-09-13  ,  1.983
2012-09-12  ,  2.023
2012-09-11  ,  1.972
2012-09-10  ,  2.037
2012-09-08  ,  2.006
2012-09-07  ,  2.006
2012-09-06  ,  2.011
2012-09-05  ,  1.973
2012-09-04  ,  1.961
2012-09-03  ,  1.98
2012-09-01  ,  1.954
2012-08-31  ,  1.954
2012-08-30  ,  1.959
2012-08-29  ,  1.966
2012-08-28  ,  1.926
2012-08-27  ,  1.923
2012-08-25  ,  1.917
2012-08-24  ,  1.917
2012-08-23  ,  1.967
2012-08-22  ,  2.027
2012-08-21  ,  2.025
2012-08-20  ,  1.994
2012-08-18  ,  1.968
2012-08-17  ,  1.968
2012-08-16  ,  2.002
2012-08-15  ,  2.001
2012-08-14  ,  1.934
2012-08-13  ,  1.937
2012-08-11  ,  1.926
2012-08-10  ,  1.926
2012-08-09  ,  1.956
2012-08-08  ,  1.966
2012-08-07  ,  1.974
2012-08-06  ,  1.933
2012-08-05  ,  1.933
2012-08-04  ,  1.947
2012-08-03  ,  1.947
2012-08-02  ,  1.883
2012-08-01  ,  1.918
2012-07-31  ,  1.906
2012-07-30  ,  1.992
2012-07-28  ,  2.024
2012-07-27  ,  2.024
2012-07-26  ,  2.024
2012-07-25  ,  2.081
2012-07-24  ,  2.043
2012-07-23  ,  1.989
2012-07-21  ,  1.899
2012-07-20  ,  1.899
2012-07-19  ,  1.88
2012-07-18  ,  1.902
2012-07-17  ,  1.889
2012-07-16  ,  1.949
2012-07-14  ,  2.046
2012-07-13  ,  2.046
2012-07-12  ,  2.047
2012-07-11  ,  2.063
2012-07-10  ,  2.132
2012-07-09  ,  2.168
2012-07-08  ,  2.101
2012-07-07  ,  2.101
2012-07-06  ,  2.104
2012-07-05  ,  2.242
2012-07-04  ,  2.298
2012-07-03  ,  2.317
2012-07-02  ,  2.366
2012-07-01  ,  2.442
2012-06-30  ,  2.42
2012-06-29  ,  2.42
2012-06-28  ,  2.4
2012-06-27  ,  2.385
2012-06-26  ,  2.382
2012-06-25  ,  2.344
2012-06-24  ,  2.347
2012-06-22  ,  2.305
2012-06-21  ,  2.343
2012-06-20  ,  2.339
2012-06-19  ,  2.316
2012-06-18  ,  2.28
2012-06-17  ,  2.279
2012-06-16  ,  2.282
2012-06-15  ,  2.282
2012-06-14  ,  2.352
2012-06-13  ,  2.409
2012-06-12  ,  2.373
2012-06-11  ,  2.265
2012-06-10  ,  2.215
2012-06-08  ,  2.225
2012-06-07  ,  2.255
2012-06-06  ,  2.08
2012-06-05  ,  2.031
2012-06-04  ,  2.02
2012-06-03  ,  2.005
2012-06-01  ,  1.968
2012-05-31  ,  2.107
2012-05-30  ,  2.258
2012-05-29  ,  2.283
2012-05-28  ,  2.312
2012-05-27  ,  2.237
2012-05-26  ,  2.265
2012-05-25  ,  2.247
2012-05-24  ,  2.278
2012-05-23  ,  2.43
2012-05-22  ,  2.475
2012-05-21  ,  2.518
2012-05-20  ,  2.51
2012-05-19  ,  2.51
2012-05-18  ,  2.51
2012-05-17  ,  2.542
2012-05-16  ,  2.52
2012-05-15  ,  2.518
2012-05-14  ,  2.515
2012-05-13  ,  2.538
2012-05-11  ,  2.526
2012-05-10  ,  2.555
2012-05-09  ,  2.618
2012-05-08  ,  2.556
2012-05-07  ,  2.598
2012-05-06  ,  2.649
2012-05-05  ,  2.649
2012-05-04  ,  2.623
2012-05-03  ,  2.631
2012-05-02  ,  2.655
2012-05-01  ,  2.684
2012-04-30  ,  2.678
2012-04-29  ,  2.756
2012-04-27  ,  2.734
2012-04-26  ,  2.745
2012-04-25  ,  2.787
2012-04-24  ,  2.82
2012-04-23  ,  2.886
2012-04-22  ,  2.891
2012-04-21  ,  2.891
2012-04-20  ,  2.864
2012-04-19  ,  2.85
2012-04-18  ,  2.817
2012-04-17  ,  2.857
2012-04-16  ,  2.878
2012-04-15  ,  2.842
2012-04-14  ,  2.842
2012-04-13  ,  2.83
2012-04-12  ,  2.788
2012-04-11  ,  2.83
2012-04-10  ,  2.841
2012-04-09  ,  2.82
2012-04-08  ,  2.82
2012-04-07  ,  2.82
2012-04-06  ,  2.829
2012-04-05  ,  2.836
2012-04-04  ,  2.803
2012-04-03  ,  2.767
2012-04-02  ,  2.775
2012-04-01  ,  2.794
2012-03-31  ,  2.794
2012-03-30  ,  2.793
2012-03-29  ,  2.84
2012-03-28  ,  2.851
2012-03-27  ,  2.835
2012-03-26  ,  2.832
2012-03-25  ,  2.879
2012-03-24  ,  2.879
2012-03-23  ,  2.843
2012-03-22  ,  2.902
2012-03-21  ,  2.898
2012-03-20  ,  2.924
2012-03-19  ,  2.925
2012-03-18  ,  2.947
2012-03-17  ,  2.947
2012-03-16  ,  2.91
2012-03-15  ,  2.868
2012-03-14  ,  2.832
2012-03-13  ,  2.806
2012-03-12  ,  2.811
2012-03-11  ,  2.837
2012-03-10  ,  2.837
2012-03-09  ,  2.835
2012-03-08  ,  2.831
2012-03-07  ,  2.876
2012-03-06  ,  2.893
2012-03-05  ,  2.873
2012-03-04  ,  2.854
2012-03-03  ,  2.854
2012-03-02  ,  2.853
2012-03-01  ,  2.868
2012-02-29  ,  2.947
2012-02-28  ,  2.978
2012-02-27  ,  2.96
2012-02-25  ,  2.978
2012-02-24  ,  2.968
2012-02-23  ,  2.946
2012-02-22  ,  2.98
2012-02-21  ,  3.006
2012-02-20  ,  3.022
2012-02-19  ,  3.063
2012-02-18  ,  3.063
2012-02-17  ,  3.018
2012-02-16  ,  2.997
2012-02-15  ,  2.97
2012-02-14  ,  2.959
2012-02-13  ,  2.918
2012-02-10  ,  2.971
2012-02-09  ,  2.968
2012-02-08  ,  3.005
2012-02-07  ,  3.006
2012-02-06  ,  2.957
2012-02-03  ,  3.013
2012-02-02  ,  3.009
2012-02-01  ,  3.076
2012-01-31  ,  3.089
2012-01-30  ,  3.109
2012-01-27  ,  3.092
2012-01-26  ,  3.206
2012-01-25  ,  3.281
2012-01-24  ,  3.289
2012-01-23  ,  3.277
2012-01-20  ,  3.287
2012-01-19  ,  3.298
2012-01-18  ,  3.298
2012-01-17  ,  3.208
2012-01-16  ,  3.18
2012-01-13  ,  3.192
2012-01-12  ,  3.148
2012-01-11  ,  3.276
2012-01-10  ,  3.38
2012-01-09  ,  3.46
2012-01-06  ,  3.564
2012-01-05  ,  3.564
2012-01-04  ,  3.419
2012-01-03  ,  3.265
2012-01-02  ,  3.191
2011-12-30  ,  2.913
2011-12-29  ,  2.913
2011-12-28  ,  2.942
2011-12-27  ,  3.004
2011-12-23  ,  3.045
2011-12-22  ,  3.038
2011-12-21  ,  3.056
2011-12-20  ,  3.083
2011-12-19  ,  2.999
2011-12-16  ,  2.886
2011-12-15  ,  2.955
2011-12-14  ,  3.065
2011-12-13  ,  3.161
2011-12-12  ,  3.212
2011-12-09  ,  3.225
2011-12-08  ,  3.25
2011-12-07  ,  3.25
2011-12-06  ,  3.27
2011-12-05  ,  3.115
2011-12-02  ,  3.283
2011-12-01  ,  3.255
2011-11-30  ,  3.521
2011-11-29  ,  3.685
2011-11-28  ,  3.741
2011-11-25  ,  3.899
2011-11-24  ,  3.74
2011-11-23  ,  3.77
2011-11-22  ,  3.496
2011-11-21  ,  3.383
2011-11-18  ,  3.42
2011-11-17  ,  3.596
2011-11-16  ,  3.603
2011-11-15  ,  3.599
2011-11-14  ,  3.406
2011-11-11  ,  3.391
2011-11-10  ,  3.354
2011-11-09  ,  3.067
2011-11-08  ,  2.99
2011-11-07  ,  2.996
2011-11-04  ,  2.957
2011-11-03  ,  2.961
2011-11-02  ,  2.921
2011-11-01  ,  2.987
2011-10-31  ,  2.987
2011-10-28  ,  3.05
2011-10-27  ,  3.036
2011-10-26  ,  2.988
2011-10-25  ,  2.988
2011-10-24  ,  3.052
2011-10-21  ,  3.06
2011-10-20  ,  2.997
2011-10-19  ,  3.058
2011-10-18  ,  3.021
2011-10-17  ,  2.983
2011-10-14  ,  3.082
2011-10-13  ,  2.939
2011-10-12  ,  2.971
2011-10-11  ,  2.898
2011-10-10  ,  2.882
2011-10-07  ,  2.791
2011-10-06  ,  2.756
2011-10-05  ,  2.655
2011-10-04  ,  2.597
2011-10-03  ,  2.629
2011-09-30  ,  2.673
2011-09-29  ,  2.762
2011-09-28  ,  2.766
2011-09-27  ,  2.799
2011-09-26  ,  2.655
2011-09-23  ,  2.563
2011-09-22  ,  2.533
2011-09-21  ,  2.558
2011-09-20  ,  2.564
2011-09-19  ,  2.575
2011-09-16  ,  2.579
2011-09-15  ,  2.709
2011-09-14  ,  2.659
2011-09-13  ,  2.579
2011-09-12  ,  2.526
2011-09-09  ,  2.553
2011-09-08  ,  2.639
2011-09-07  ,  2.693
2011-09-06  ,  2.677
2011-09-05  ,  2.658
2011-09-02  ,  2.733
2011-09-01  ,  2.826
2011-08-31  ,  2.832
2011-08-30  ,  2.776
2011-08-29  ,  2.805
2011-08-26  ,  2.742
2011-08-25  ,  2.791
2011-08-24  ,  2.776
2011-08-23  ,  2.69
2011-08-22  ,  2.712
2011-08-19  ,  2.703
2011-08-18  ,  2.671
2011-08-17  ,  2.776
2011-08-16  ,  2.843
2011-08-15  ,  2.824
2011-08-12  ,  2.824
2011-08-11  ,  2.844
2011-08-10  ,  2.798
2011-08-09  ,  2.965
2011-08-08  ,  2.86
2011-08-05  ,  3.02
2011-08-04  ,  3.033
2011-08-03  ,  3.068
2011-08-02  ,  3.031
2011-08-01  ,  3.041
2011-07-29  ,  3.132
2011-07-28  ,  3.203
2011-07-27  ,  3.196
2011-07-26  ,  3.301
2011-07-25  ,  3.31
2011-07-22  ,  3.36
2011-07-21  ,  3.398
2011-07-20  ,  3.331
2011-07-19  ,  3.277
2011-07-18  ,  3.257
2011-07-15  ,  3.305
2011-07-14  ,  3.383
2011-07-13  ,  3.416
2011-07-12  ,  3.37
2011-07-11  ,  3.301
2011-07-08  ,  3.391
2011-07-07  ,  3.524
2011-07-06  ,  3.47
2011-07-05  ,  3.482
2011-07-04  ,  3.497
2011-07-01  ,  3.496
2011-06-30  ,  3.503
2011-06-29  ,  3.492
2011-06-28  ,  3.431
2011-06-27  ,  3.438
2011-06-24  ,  3.372
2011-06-23  ,  3.454
2011-06-22  ,  3.454
2011-06-21  ,  3.494
2011-06-20  ,  3.466
2011-06-17  ,  3.463
2011-06-16  ,  3.428
2011-06-15  ,  3.435
2011-06-14  ,  3.428
2011-06-13  ,  3.385
2011-06-10  ,  3.385
2011-06-09  ,  3.445
2011-06-08  ,  3.467
2011-06-07  ,  3.47
2011-06-06  ,  3.409
2011-06-03  ,  3.444
2011-06-02  ,  3.418
2011-06-01  ,  3.418
2011-05-31  ,  3.45
2011-05-30  ,  3.419
2011-05-27  ,  3.419
2011-05-26  ,  3.432
2011-05-25  ,  3.477
2011-05-24  ,  3.517
2011-05-23  ,  3.503
2011-05-20  ,  3.497
2011-05-19  ,  3.562
2011-05-18  ,  3.557
2011-05-17  ,  3.537
2011-05-16  ,  3.544
2011-05-13  ,  3.525
2011-05-12  ,  3.522
2011-05-11  ,  3.542
2011-05-10  ,  3.523
2011-05-09  ,  3.504
2011-05-06  ,  3.561
2011-05-05  ,  3.621
2011-05-04  ,  3.683
2011-05-03  ,  3.654
2011-05-02  ,  3.641
2011-04-29  ,  3.643
2011-04-28  ,  3.658
2011-04-27  ,  3.732
2011-04-26  ,  3.692
2011-04-21  ,  3.717
2011-04-20  ,  3.737
2011-04-19  ,  3.703
2011-04-18  ,  3.678
2011-04-15  ,  3.798
2011-04-14  ,  3.855
2011-04-13  ,  3.834
2011-04-12  ,  3.811
2011-04-11  ,  3.872
2011-04-08  ,  3.865
2011-04-07  ,  3.822
2011-04-06  ,  3.83
2011-04-05  ,  3.841
2011-04-04  ,  3.823
2011-04-01  ,  3.829
2011-03-31  ,  3.833
2011-03-30  ,  3.774
2011-03-29  ,  3.763
2011-03-28  ,  3.74
2011-03-25  ,  3.694
2011-03-24  ,  3.699
2011-03-23  ,  3.667
2011-03-22  ,  3.677
2011-03-21  ,  3.646
2011-03-18  ,  3.603
2011-03-17  ,  3.576
2011-03-16  ,  3.515
2011-03-15  ,  3.572
2011-03-14  ,  3.658
2011-03-11  ,  3.646
2011-03-10  ,  3.699
2011-03-09  ,  3.74
2011-03-08  ,  3.743
2011-03-07  ,  3.747
2011-03-04  ,  3.727
2011-03-03  ,  3.75
2011-03-02  ,  3.663
2011-03-01  ,  3.643
2011-02-28  ,  3.655
2011-02-25  ,  3.644
2011-02-24  ,  3.634
2011-02-23  ,  3.599
2011-02-22  ,  3.623
2011-02-21  ,  3.657
2011-02-18  ,  3.71
2011-02-17  ,  3.655
2011-02-16  ,  3.708
2011-02-15  ,  3.771
2011-02-14  ,  3.754
2011-02-11  ,  3.728
2011-02-10  ,  3.739
2011-02-09  ,  3.755
2011-02-08  ,  3.702
2011-02-07  ,  3.704
2011-02-04  ,  3.697
2011-02-03  ,  3.647
2011-02-02  ,  3.641
2011-02-01  ,  3.635
2011-01-31  ,  3.618
2011-01-28  ,  3.636
2011-01-27  ,  3.675
2011-01-26  ,  3.627
2011-01-25  ,  3.586
2011-01-24  ,  3.574
2011-01-21  ,  3.609
2011-01-20  ,  3.604
2011-01-19  ,  3.568
2011-01-18  ,  3.604
2011-01-17  ,  3.53
2011-01-14  ,  3.502
2011-01-13  ,  3.533
2011-01-12  ,  3.573
2011-01-11  ,  3.512
2011-01-10  ,  3.458
2011-01-07  ,  3.479
2011-01-06  ,  3.457
2011-01-05  ,  3.457
2011-01-04  ,  3.419
2011-01-03  ,  3.525
2010-12-31  ,  3.518
2010-12-30  ,  3.518
2010-12-29  ,  3.563
2010-12-28  ,  3.482
2010-12-27  ,  3.557
2010-12-24  ,  3.492
2010-12-23  ,  3.492
2010-12-22  ,  3.445
2010-12-21  ,  3.487
2010-12-20  ,  3.474
2010-12-17  ,  3.446
2010-12-16  ,  3.492
2010-12-15  ,  3.453
2010-12-14  ,  3.481
2010-12-13  ,  3.412
2010-12-10  ,  3.383
2010-12-09  ,  3.38
2010-12-08  ,  3.373
2010-12-07  ,  3.373
2010-12-06  ,  3.307
2010-12-03  ,  3.324
2010-12-02  ,  3.281
2010-12-01  ,  3.294
2010-11-30  ,  3.234
2010-11-29  ,  3.268
2010-11-26  ,  3.189
2010-11-25  ,  3.194
2010-11-24  ,  3.117
2010-11-23  ,  3.017
2010-11-22  ,  3.063
2010-11-19  ,  3.118
2010-11-18  ,  3.129
2010-11-17  ,  3.023
2010-11-16  ,  3.039
2010-11-15  ,  2.979
2010-11-12  ,  2.987
2010-11-11  ,  2.884
2010-11-10  ,  2.907
2010-11-09  ,  2.864
2010-11-08  ,  2.895
2010-11-05  ,  2.876
2010-11-04  ,  2.84
2010-11-03  ,  2.84
2010-11-02  ,  2.898
2010-11-01  ,  2.955
2010-10-29  ,  2.955
2010-10-28  ,  2.956
2010-10-27  ,  2.944
2010-10-26  ,  2.858
2010-10-25  ,  2.858
2010-10-22  ,  2.901
2010-10-21  ,  2.888
2010-10-20  ,  2.884
2010-10-19  ,  2.829
2010-10-18  ,  2.813
2010-10-15  ,  2.795
2010-10-14  ,  2.742
2010-10-13  ,  2.737
2010-10-12  ,  2.699
2010-10-11  ,  2.722
2010-10-08  ,  2.746
2010-10-07  ,  2.77
2010-10-06  ,  2.711
2010-10-05  ,  2.768
2010-10-04  ,  2.781
2010-10-01  ,  2.829
2010-09-30  ,  2.812
2010-09-29  ,  2.802
2010-09-28  ,  2.8
2010-09-27  ,  2.782
2010-09-24  ,  2.844
2010-09-23  ,  2.794
2010-09-22  ,  2.836
2010-09-21  ,  2.927
2010-09-20  ,  2.962
2010-09-17  ,  2.928
2010-09-16  ,  2.971
2010-09-15  ,  2.865
2010-09-14  ,  2.813
2010-09-13  ,  2.811
2010-09-10  ,  2.8
2010-09-09  ,  2.711
2010-09-08  ,  2.687
2010-09-07  ,  2.701
2010-09-06  ,  2.776
2010-09-03  ,  2.761
2010-09-02  ,  2.708
2010-09-01  ,  2.659
2010-08-31  ,  2.592
2010-08-30  ,  2.566
2010-08-27  ,  2.62
2010-08-26  ,  2.603
2010-08-25  ,  2.631
2010-08-24  ,  2.619
2010-08-23  ,  2.677
2010-08-20  ,  2.678
2010-08-19  ,  2.709
2010-08-18  ,  2.731
2010-08-17  ,  2.77
2010-08-16  ,  2.733
2010-08-13  ,  2.782
2010-08-12  ,  2.799
2010-08-11  ,  2.808
2010-08-10  ,  2.914
2010-08-09  ,  2.889
2010-08-06  ,  2.889
2010-08-05  ,  2.961
2010-08-04  ,  3.021
2010-08-03  ,  3.007
2010-08-02  ,  3.116
2010-07-30  ,  3.106
2010-07-29  ,  3.138
2010-07-28  ,  3.138
2010-07-27  ,  3.15
2010-07-26  ,  3.118
2010-07-23  ,  3.086
2010-07-22  ,  3.085
2010-07-21  ,  3.068
2010-07-20  ,  3.03
2010-07-19  ,  3.069
2010-07-16  ,  3.047
2010-07-15  ,  3.053
2010-07-14  ,  3.063
2010-07-13  ,  3.015
2010-07-12  ,  3.001
2010-07-09  ,  3.048
2010-07-08  ,  3.073
2010-07-07  ,  3.046
2010-07-06  ,  3.02
2010-07-05  ,  3.051
2010-07-02  ,  3.115
2010-07-01  ,  3.138
2010-06-30  ,  3.22
2010-06-29  ,  3.173
2010-06-28  ,  3.139
2010-06-25  ,  3.128
2010-06-24  ,  3.104
2010-06-23  ,  3.175
2010-06-22  ,  3.162
2010-06-21  ,  3.198
2010-06-18  ,  3.223
2010-06-17  ,  3.179
2010-06-16  ,  3.18
2010-06-15  ,  3.217
2010-06-14  ,  3.171
2010-06-11  ,  3.114
2010-06-10  ,  3.269
2010-06-09  ,  3.321
2010-06-08  ,  3.367
2010-06-07  ,  3.404
2010-06-04  ,  3.103
2010-06-03  ,  3.085
2010-06-02  ,  3.085
2010-06-01  ,  3.084
2010-05-31  ,  3.008
2010-05-28  ,  3.036
2010-05-27  ,  3.066
2010-05-26  ,  3.061
2010-05-25  ,  2.936
2010-05-24  ,  3.042
2010-05-21  ,  3.042
2010-05-20  ,  3.042
2010-05-19  ,  3.142
2010-05-18  ,  3.202
2010-05-17  ,  3.278
2010-05-14  ,  3.279
2010-05-13  ,  3.348
2010-05-12  ,  3.348
2010-05-11  ,  3.356
2010-05-10  ,  3.398
2010-05-07  ,  3.274
2010-05-06  ,  3.263
2010-05-05  ,  3.269
2010-05-04  ,  3.352
2010-05-03  ,  3.427
2010-04-30  ,  3.386
2010-04-29  ,  3.455
2010-04-28  ,  3.455
2010-04-27  ,  3.46
2010-04-26  ,  3.458
