2018-06-26  ,  0.747
2018-06-25  ,  0.74
2018-06-23  ,  0.732
2018-06-22  ,  0.737
2018-06-21  ,  0.729
2018-06-20  ,  0.742
2018-06-19  ,  0.739
2018-06-18  ,  0.773
2018-06-17  ,  0.746
2018-06-16  ,  0.746
2018-06-15  ,  0.75
2018-06-14  ,  0.784
2018-06-13  ,  0.847
2018-06-12  ,  0.889
2018-06-11  ,  0.919
2018-06-09  ,  0.915
2018-06-08  ,  0.9
2018-06-07  ,  0.894
2018-06-06  ,  0.861
2018-06-05  ,  0.754
2018-06-04  ,  0.796
2018-06-03  ,  0.743
2018-06-01  ,  0.771
2018-05-31  ,  0.746
2018-05-30  ,  0.799
2018-05-29  ,  0.71
2018-05-28  ,  0.76
2018-05-27  ,  0.768
2018-05-25  ,  0.768
2018-05-24  ,  0.817
2018-05-23  ,  0.863
2018-05-22  ,  0.885
2018-05-21  ,  0.858
2018-05-20  ,  0.863
2018-05-18  ,  0.87
2018-05-17  ,  0.905
2018-05-16  ,  0.882
2018-05-15  ,  0.896
2018-05-14  ,  0.873
2018-05-13  ,  0.82
2018-05-11  ,  0.824
2018-05-10  ,  0.834
2018-05-09  ,  0.846
2018-05-08  ,  0.835
2018-05-07  ,  0.803
2018-05-04  ,  0.832
2018-05-03  ,  0.803
2018-05-02  ,  0.854
2018-05-01  ,  0.817
2018-04-30  ,  0.824
2018-04-27  ,  0.826
2018-04-26  ,  0.85
2018-04-25  ,  0.882
2018-04-24  ,  0.877
2018-04-23  ,  0.885
2018-04-20  ,  0.856
2018-04-19  ,  0.856
2018-04-18  ,  0.807
2018-04-17  ,  0.774
2018-04-16  ,  0.793
2018-04-14  ,  0.789
2018-04-13  ,  0.788
2018-04-12  ,  0.802
2018-04-11  ,  0.794
2018-04-10  ,  0.825
2018-04-09  ,  0.797
2018-04-06  ,  0.782
2018-04-05  ,  0.809
2018-04-04  ,  0.773
2018-04-03  ,  0.778
2018-03-30  ,  0.766
2018-03-29  ,  0.761
2018-03-28  ,  0.767
2018-03-27  ,  0.771
2018-03-26  ,  0.826
2018-03-24  ,  0.816
2018-03-23  ,  0.815
2018-03-22  ,  0.833
2018-03-21  ,  0.873
2018-03-20  ,  0.861
2018-03-19  ,  0.854
2018-03-16  ,  0.857
2018-03-15  ,  0.861
2018-03-14  ,  0.874
2018-03-13  ,  0.906
2018-03-12  ,  0.912
2018-03-09  ,  0.934
2018-03-08  ,  0.903
2018-03-07  ,  0.937
2018-03-06  ,  0.959
2018-03-05  ,  0.942
2018-03-02  ,  0.953
2018-03-01  ,  0.934
2018-02-28  ,  0.945
2018-02-27  ,  0.97
2018-02-26  ,  0.954
2018-02-23  ,  0.952
2018-02-22  ,  1.0
2018-02-21  ,  1.027
2018-02-20  ,  1.035
2018-02-19  ,  1.023
2018-02-18  ,  0.985
2018-02-16  ,  0.981
2018-02-15  ,  1.031
2018-02-14  ,  1.016
2018-02-13  ,  1.022
2018-02-12  ,  1.019
2018-02-09  ,  1.006
2018-02-08  ,  0.886
2018-02-07  ,  0.865
2018-02-06  ,  0.845
2018-02-05  ,  0.874
2018-02-02  ,  0.895
2018-02-01  ,  0.858
2018-01-31  ,  0.848
2018-01-30  ,  0.83
2018-01-29  ,  0.836
2018-01-26  ,  0.769
2018-01-25  ,  0.745
2018-01-24  ,  0.725
2018-01-23  ,  0.708
2018-01-22  ,  0.706
2018-01-19  ,  0.702
2018-01-18  ,  0.703
2018-01-17  ,  0.699
2018-01-16  ,  0.701
2018-01-15  ,  0.727
2018-01-12  ,  0.721
2018-01-11  ,  0.736
2018-01-10  ,  0.69
2018-01-09  ,  0.682
2018-01-08  ,  0.649
2018-01-07  ,  0.659
2018-01-05  ,  0.659
2018-01-04  ,  0.649
2018-01-03  ,  0.656
2018-01-02  ,  0.683
2018-01-01  ,  0.634
2017-12-29  ,  0.642
2017-12-28  ,  0.622
2017-12-27  ,  0.574
2017-12-26  ,  0.599
2017-12-25  ,  0.603
2017-12-22  ,  0.604
2017-12-21  ,  0.596
2017-12-20  ,  0.599
2017-12-19  ,  0.574
2017-12-18  ,  0.49
2017-12-16  ,  0.498
2017-12-15  ,  0.495
2017-12-14  ,  0.512
2017-12-13  ,  0.522
2017-12-12  ,  0.509
2017-12-11  ,  0.491
2017-12-08  ,  0.501
2017-12-07  ,  0.488
2017-12-06  ,  0.493
2017-12-05  ,  0.505
2017-12-04  ,  0.523
2017-12-02  ,  0.484
2017-12-01  ,  0.478
2017-11-30  ,  0.571
2017-11-29  ,  0.597
2017-11-28  ,  0.56
2017-11-27  ,  0.565
2017-11-24  ,  0.587
2017-11-23  ,  0.568
2017-11-22  ,  0.56
2017-11-21  ,  0.565
2017-11-20  ,  0.578
2017-11-17  ,  0.581
2017-11-16  ,  0.588
2017-11-15  ,  0.586
2017-11-14  ,  0.611
2017-11-13  ,  0.632
2017-11-10  ,  0.64
2017-11-09  ,  0.623
2017-11-08  ,  0.562
2017-11-07  ,  0.541
2017-11-06  ,  0.581
2017-11-03  ,  0.605
2017-11-02  ,  0.605
2017-11-01  ,  0.616
2017-10-31  ,  0.608
2017-10-30  ,  0.616
2017-10-29  ,  0.64
2017-10-27  ,  0.639
2017-10-26  ,  0.678
2017-10-25  ,  0.728
2017-10-24  ,  0.725
2017-10-23  ,  0.686
2017-10-22  ,  0.715
2017-10-20  ,  0.717
2017-10-19  ,  0.664
2017-10-18  ,  0.663
2017-10-17  ,  0.631
2017-10-16  ,  0.649
2017-10-13  ,  0.68
2017-10-12  ,  0.721
2017-10-11  ,  0.741
2017-10-10  ,  0.72
2017-10-09  ,  0.721
2017-10-06  ,  0.73
2017-10-05  ,  0.727
2017-10-04  ,  0.738
2017-10-03  ,  0.735
2017-10-02  ,  0.721
2017-09-29  ,  0.734
2017-09-28  ,  0.764
2017-09-27  ,  0.751
2017-09-26  ,  0.702
2017-09-25  ,  0.695
2017-09-22  ,  0.738
2017-09-21  ,  0.74
2017-09-20  ,  0.722
2017-09-19  ,  0.72
2017-09-18  ,  0.74
2017-09-15  ,  0.721
2017-09-14  ,  0.698
2017-09-13  ,  0.697
2017-09-12  ,  0.698
2017-09-11  ,  0.645
2017-09-08  ,  0.635
2017-09-07  ,  0.625
2017-09-06  ,  0.666
2017-09-05  ,  0.65
2017-09-04  ,  0.683
2017-09-01  ,  0.69
2017-08-31  ,  0.666
2017-08-30  ,  0.682
2017-08-29  ,  0.672
2017-08-28  ,  0.7
2017-08-25  ,  0.709
2017-08-24  ,  0.7
2017-08-23  ,  0.686
2017-08-22  ,  0.714
2017-08-21  ,  0.71
2017-08-18  ,  0.715
2017-08-17  ,  0.746
2017-08-16  ,  0.752
2017-08-15  ,  0.743
2017-08-14  ,  0.716
2017-08-11  ,  0.698
2017-08-10  ,  0.717
2017-08-09  ,  0.727
2017-08-08  ,  0.776
2017-08-07  ,  0.76
2017-08-06  ,  0.767
2017-08-04  ,  0.766
2017-08-03  ,  0.75
2017-08-02  ,  0.772
2017-08-01  ,  0.773
2017-07-31  ,  0.827
2017-07-28  ,  0.837
2017-07-27  ,  0.816
2017-07-26  ,  0.824
2017-07-25  ,  0.83
2017-07-24  ,  0.77
2017-07-21  ,  0.778
2017-07-20  ,  0.827
2017-07-19  ,  0.815
2017-07-18  ,  0.842
2017-07-17  ,  0.853
2017-07-16  ,  0.945
2017-07-14  ,  0.871
2017-07-13  ,  0.876
2017-07-12  ,  0.863
2017-07-11  ,  0.923
2017-07-10  ,  0.912
2017-07-07  ,  0.927
2017-07-06  ,  0.916
2017-07-05  ,  0.811
2017-07-04  ,  0.817
2017-07-03  ,  0.815
2017-07-02  ,  0.8
2017-07-01  ,  0.8
2017-06-30  ,  0.805
2017-06-29  ,  0.78
2017-06-28  ,  0.703
2017-06-27  ,  0.69
2017-06-26  ,  0.602
2017-06-25  ,  0.601
2017-06-23  ,  0.597
2017-06-22  ,  0.591
2017-06-21  ,  0.592
2017-06-20  ,  0.591
2017-06-19  ,  0.612
2017-06-16  ,  0.614
2017-06-15  ,  0.624
2017-06-14  ,  0.563
2017-06-13  ,  0.587
2017-06-12  ,  0.578
2017-06-09  ,  0.61
2017-06-08  ,  0.604
2017-06-07  ,  0.619
2017-06-06  ,  0.612
2017-06-05  ,  0.661
2017-06-02  ,  0.647
2017-06-01  ,  0.661
2017-05-31  ,  0.645
2017-05-30  ,  0.654
2017-05-29  ,  0.666
2017-05-26  ,  0.691
2017-05-25  ,  0.732
2017-05-24  ,  0.774
2017-05-23  ,  0.768
2017-05-22  ,  0.786
2017-05-19  ,  0.76
2017-05-18  ,  0.756
2017-05-17  ,  0.788
2017-05-16  ,  0.823
2017-05-15  ,  0.835
2017-05-12  ,  0.797
2017-05-11  ,  0.843
2017-05-10  ,  0.816
2017-05-09  ,  0.843
2017-05-08  ,  0.815
2017-05-07  ,  0.812
2017-05-05  ,  0.806
2017-05-04  ,  0.792
2017-05-03  ,  0.762
2017-05-02  ,  0.763
2017-04-28  ,  0.776
2017-04-27  ,  0.773
2017-04-26  ,  0.833
2017-04-25  ,  0.832
2017-04-24  ,  0.787
2017-04-22  ,  0.818
2017-04-21  ,  0.817
2017-04-20  ,  0.805
2017-04-19  ,  0.766
2017-04-18  ,  0.771
2017-04-17  ,  0.756
2017-04-13  ,  0.753
2017-04-12  ,  0.755
2017-04-11  ,  0.773
2017-04-10  ,  0.782
2017-04-07  ,  0.758
2017-04-06  ,  0.772
2017-04-05  ,  0.789
2017-04-04  ,  0.781
2017-04-03  ,  0.827
2017-03-31  ,  0.841
2017-03-30  ,  0.841
2017-03-29  ,  0.83
2017-03-28  ,  0.847
2017-03-27  ,  0.882
2017-03-26  ,  0.889
2017-03-24  ,  0.896
2017-03-23  ,  0.915
2017-03-22  ,  0.934
2017-03-21  ,  0.974
2017-03-20  ,  0.954
2017-03-18  ,  0.927
2017-03-17  ,  0.924
2017-03-16  ,  0.935
2017-03-15  ,  0.9
2017-03-14  ,  0.958
2017-03-13  ,  0.966
2017-03-10  ,  0.983
2017-03-09  ,  0.908
2017-03-08  ,  0.881
2017-03-07  ,  0.821
2017-03-06  ,  0.817
2017-03-03  ,  0.827
2017-03-02  ,  0.762
2017-03-01  ,  0.753
2017-02-28  ,  0.704
2017-02-27  ,  0.721
2017-02-24  ,  0.719
2017-02-23  ,  0.77
2017-02-22  ,  0.795
2017-02-21  ,  0.862
2017-02-20  ,  0.847
2017-02-17  ,  0.844
2017-02-16  ,  0.861
2017-02-15  ,  0.909
2017-02-14  ,  0.907
2017-02-13  ,  0.887
2017-02-10  ,  0.891
2017-02-09  ,  0.855
2017-02-08  ,  0.881
2017-02-07  ,  0.992
2017-02-06  ,  1.035
2017-02-03  ,  0.984
2017-02-02  ,  0.959
2017-02-01  ,  1.006
2017-01-31  ,  0.813
2017-01-30  ,  0.868
2017-01-27  ,  0.855
2017-01-26  ,  0.877
2017-01-25  ,  0.816
2017-01-24  ,  0.705
2017-01-23  ,  0.701
2017-01-20  ,  0.739
2017-01-19  ,  0.703
2017-01-18  ,  0.657
2017-01-17  ,  0.651
2017-01-16  ,  0.676
2017-01-13  ,  0.706
2017-01-12  ,  0.654
2017-01-11  ,  0.66
2017-01-10  ,  0.685
2017-01-09  ,  0.699
2017-01-06  ,  0.7
2017-01-05  ,  0.696
2017-01-04  ,  0.676
2017-01-03  ,  0.659
2017-01-02  ,  0.521
2016-12-30  ,  0.551
2016-12-29  ,  0.509
2016-12-28  ,  0.541
2016-12-27  ,  0.532
2016-12-23  ,  0.56
2016-12-22  ,  0.625
2016-12-21  ,  0.566
2016-12-20  ,  0.57
2016-12-19  ,  0.563
2016-12-16  ,  0.64
2016-12-15  ,  0.669
2016-12-14  ,  0.619
2016-12-13  ,  0.672
2016-12-12  ,  0.761
2016-12-09  ,  0.69
2016-12-08  ,  0.712
2016-12-07  ,  0.65
2016-12-06  ,  0.689
2016-12-05  ,  0.686
2016-12-02  ,  0.622
2016-12-01  ,  0.68
2016-11-30  ,  0.621
2016-11-29  ,  0.59
2016-11-28  ,  0.631
2016-11-25  ,  0.663
2016-11-24  ,  0.666
2016-11-23  ,  0.68
2016-11-22  ,  0.626
2016-11-21  ,  0.637
2016-11-18  ,  0.699
2016-11-17  ,  0.678
2016-11-16  ,  0.679
2016-11-15  ,  0.659
2016-11-14  ,  0.751
2016-11-11  ,  0.673
2016-11-10  ,  0.624
2016-11-09  ,  0.437
2016-11-08  ,  0.44
2016-11-07  ,  0.401
2016-11-04  ,  0.399
2016-11-03  ,  0.44
2016-11-02  ,  0.38
2016-11-01  ,  0.437
2016-10-31  ,  0.404
2016-10-28  ,  0.402
2016-10-27  ,  0.412
2016-10-26  ,  0.332
2016-10-25  ,  0.245
2016-10-24  ,  0.245
2016-10-21  ,  0.23
2016-10-20  ,  0.241
2016-10-19  ,  0.269
2016-10-18  ,  0.275
2016-10-17  ,  0.297
2016-10-15  ,  0.304
2016-10-14  ,  0.281
2016-10-13  ,  0.274
2016-10-12  ,  0.328
2016-10-11  ,  0.283
2016-10-10  ,  0.294
2016-10-08  ,  0.279
2016-10-07  ,  0.279
2016-10-06  ,  0.248
2016-10-05  ,  0.291
2016-10-04  ,  0.206
2016-10-03  ,  0.161
2016-10-01  ,  0.136
2016-09-30  ,  0.136
2016-09-29  ,  0.145
2016-09-28  ,  0.106
2016-09-27  ,  0.103
2016-09-26  ,  0.128
2016-09-25  ,  0.17
2016-09-24  ,  0.157
2016-09-23  ,  0.154
2016-09-22  ,  0.148
2016-09-21  ,  0.232
2016-09-20  ,  0.232
2016-09-19  ,  0.255
2016-09-17  ,  0.258
2016-09-16  ,  0.241
2016-09-15  ,  0.266
2016-09-14  ,  0.26
2016-09-13  ,  0.268
2016-09-12  ,  0.268
2016-09-11  ,  0.26
2016-09-10  ,  0.26
2016-09-09  ,  0.236
2016-09-08  ,  0.164
2016-09-07  ,  0.119
2016-09-06  ,  0.124
2016-09-05  ,  0.18
2016-09-03  ,  0.224
2016-09-02  ,  0.207
2016-09-01  ,  0.183
2016-08-31  ,  0.156
2016-08-30  ,  0.149
2016-08-29  ,  0.157
2016-08-28  ,  0.155
2016-08-27  ,  0.155
2016-08-26  ,  0.133
2016-08-25  ,  0.146
2016-08-24  ,  0.138
2016-08-23  ,  0.128
2016-08-22  ,  0.134
2016-08-19  ,  0.17
2016-08-18  ,  0.129
2016-08-17  ,  0.151
2016-08-16  ,  0.181
2016-08-15  ,  0.15
2016-08-14  ,  0.133
2016-08-13  ,  0.133
2016-08-12  ,  0.112
2016-08-11  ,  0.123
2016-08-10  ,  0.117
2016-08-09  ,  0.139
2016-08-08  ,  0.162
2016-08-06  ,  0.196
2016-08-05  ,  0.188
2016-08-04  ,  0.159
2016-08-03  ,  0.209
2016-08-02  ,  0.201
2016-08-01  ,  0.152
2016-07-29  ,  0.131
2016-07-28  ,  0.164
2016-07-27  ,  0.167
2016-07-26  ,  0.221
2016-07-25  ,  0.217
2016-07-22  ,  0.247
2016-07-21  ,  0.25
2016-07-20  ,  0.252
2016-07-19  ,  0.248
2016-07-18  ,  0.237
2016-07-15  ,  0.251
2016-07-14  ,  0.21
2016-07-13  ,  0.178
2016-07-12  ,  0.225
2016-07-11  ,  0.172
2016-07-10  ,  0.156
2016-07-08  ,  0.156
2016-07-07  ,  0.184
2016-07-06  ,  0.165
2016-07-05  ,  0.172
2016-07-04  ,  0.218
2016-07-03  ,  0.218
2016-07-01  ,  0.202
2016-06-30  ,  0.239
2016-06-29  ,  0.262
2016-06-28  ,  0.294
2016-06-27  ,  0.346
2016-06-24  ,  0.409
2016-06-23  ,  0.47
2016-06-22  ,  0.462
2016-06-21  ,  0.455
2016-06-20  ,  0.464
2016-06-17  ,  0.461
2016-06-16  ,  0.447
2016-06-15  ,  0.453
2016-06-14  ,  0.462
2016-06-13  ,  0.457
2016-06-10  ,  0.429
2016-06-09  ,  0.438
2016-06-08  ,  0.455
2016-06-07  ,  0.45
2016-06-06  ,  0.487
2016-06-05  ,  0.462
2016-06-04  ,  0.462
2016-06-03  ,  0.462
2016-06-02  ,  0.509
2016-06-01  ,  0.511
2016-05-31  ,  0.518
2016-05-30  ,  0.548
2016-05-28  ,  0.538
2016-05-27  ,  0.538
2016-05-26  ,  0.523
2016-05-25  ,  0.517
2016-05-24  ,  0.549
2016-05-23  ,  0.584
2016-05-21  ,  0.559
2016-05-20  ,  0.559
2016-05-19  ,  0.559
2016-05-18  ,  0.56
2016-05-17  ,  0.522
2016-05-16  ,  0.538
2016-05-14  ,  0.524
2016-05-13  ,  0.524
2016-05-12  ,  0.55
2016-05-11  ,  0.52
2016-05-10  ,  0.537
2016-05-09  ,  0.553
2016-05-07  ,  0.575
2016-05-06  ,  0.575
2016-05-05  ,  0.593
2016-05-04  ,  0.609
2016-05-03  ,  0.598
2016-05-02  ,  0.659
2016-04-30  ,  0.692
2016-04-29  ,  0.692
2016-04-28  ,  0.655
2016-04-27  ,  0.697
2016-04-26  ,  0.684
2016-04-25  ,  0.651
2016-04-23  ,  0.612
2016-04-22  ,  0.612
2016-04-21  ,  0.593
2016-04-20  ,  0.534
2016-04-19  ,  0.573
2016-04-18  ,  0.542
2016-04-16  ,  0.519
2016-04-15  ,  0.519
2016-04-14  ,  0.554
2016-04-13  ,  0.532
2016-04-12  ,  0.557
2016-04-11  ,  0.51
2016-04-09  ,  0.486
2016-04-08  ,  0.486
2016-04-07  ,  0.486
2016-04-06  ,  0.376
2016-04-05  ,  0.353
2016-04-04  ,  0.376
2016-04-02  ,  0.378
2016-04-01  ,  0.381
2016-03-31  ,  0.383
2016-03-30  ,  0.4
2016-03-29  ,  0.397
2016-03-28  ,  0.439
2016-03-26  ,  0.443
2016-03-25  ,  0.443
2016-03-24  ,  0.443
2016-03-23  ,  0.462
2016-03-22  ,  0.463
2016-03-21  ,  0.47
2016-03-19  ,  0.459
2016-03-18  ,  0.468
2016-03-17  ,  0.478
2016-03-16  ,  0.534
2016-03-15  ,  0.554
2016-03-14  ,  0.508
2016-03-12  ,  0.517
2016-03-11  ,  0.517
2016-03-10  ,  0.602
2016-03-09  ,  0.523
2016-03-08  ,  0.474
2016-03-07  ,  0.526
2016-03-04  ,  0.555
2016-03-03  ,  0.52
2016-03-02  ,  0.529
2016-03-01  ,  0.486
2016-02-29  ,  0.442
2016-02-27  ,  0.479
2016-02-26  ,  0.486
2016-02-25  ,  0.492
2016-02-24  ,  0.498
2016-02-23  ,  0.516
2016-02-22  ,  0.512
2016-02-20  ,  0.534
2016-02-19  ,  0.534
2016-02-18  ,  0.558
2016-02-17  ,  0.626
2016-02-16  ,  0.633
2016-02-15  ,  0.6
2016-02-14  ,  0.652
2016-02-13  ,  0.64
2016-02-12  ,  0.64
2016-02-11  ,  0.58
2016-02-10  ,  0.612
2016-02-09  ,  0.622
2016-02-08  ,  0.583
2016-02-06  ,  0.623
2016-02-05  ,  0.623
2016-02-04  ,  0.615
2016-02-03  ,  0.584
2016-02-02  ,  0.618
2016-02-01  ,  0.645
2016-01-30  ,  0.625
2016-01-29  ,  0.625
2016-01-28  ,  0.695
2016-01-27  ,  0.724
2016-01-26  ,  0.724
2016-01-25  ,  0.763
2016-01-23  ,  0.776
2016-01-22  ,  0.776
2016-01-21  ,  0.762
2016-01-20  ,  0.814
2016-01-19  ,  0.844
2016-01-18  ,  0.845
2016-01-16  ,  0.826
2016-01-15  ,  0.826
2016-01-14  ,  0.86
2016-01-13  ,  0.857
2016-01-12  ,  0.895
2016-01-11  ,  0.889
2016-01-10  ,  0.859
2016-01-09  ,  0.869
2016-01-08  ,  0.869
2016-01-07  ,  0.929
2016-01-06  ,  0.863
2016-01-05  ,  0.902
2016-01-04  ,  0.917
2016-01-02  ,  0.97
2016-01-01  ,  0.97
2015-12-31  ,  0.977
2015-12-30  ,  0.968
2015-12-29  ,  0.977
2015-12-28  ,  0.902
2015-12-26  ,  0.959
2015-12-25  ,  0.959
2015-12-24  ,  0.959
2015-12-23  ,  0.972
2015-12-22  ,  0.929
2015-12-21  ,  0.885
2015-12-19  ,  0.883
2015-12-18  ,  0.883
2015-12-17  ,  0.926
2015-12-16  ,  0.986
2015-12-15  ,  0.979
2015-12-14  ,  0.895
2015-12-12  ,  0.838
2015-12-11  ,  0.838
2015-12-10  ,  0.87
2015-12-09  ,  0.895
2015-12-08  ,  0.866
2015-12-07  ,  0.893
2015-12-06  ,  0.993
2015-12-05  ,  0.993
2015-12-04  ,  0.993
2015-12-03  ,  0.932
2015-12-02  ,  0.753
2015-12-01  ,  0.772
2015-11-30  ,  0.788
2015-11-28  ,  0.768
2015-11-27  ,  0.755
2015-11-26  ,  0.792
2015-11-25  ,  0.79
2015-11-24  ,  0.808
2015-11-23  ,  0.843
2015-11-22  ,  0.794
2015-11-21  ,  0.787
2015-11-20  ,  0.787
2015-11-19  ,  0.783
2015-11-18  ,  0.817
2015-11-17  ,  0.836
2015-11-16  ,  0.836
2015-11-14  ,  0.851
2015-11-13  ,  0.851
2015-11-12  ,  0.902
2015-11-11  ,  0.884
2015-11-10  ,  0.913
2015-11-09  ,  0.962
2015-11-07  ,  0.974
2015-11-06  ,  0.974
2015-11-05  ,  0.908
2015-11-04  ,  0.896
2015-11-03  ,  0.878
2015-11-02  ,  0.875
2015-10-31  ,  0.808
2015-10-30  ,  0.824
2015-10-29  ,  0.821
2015-10-28  ,  0.74
2015-10-27  ,  0.748
2015-10-26  ,  0.802
2015-10-24  ,  0.809
2015-10-23  ,  0.808
2015-10-22  ,  0.804
2015-10-21  ,  0.876
2015-10-20  ,  0.935
2015-10-19  ,  0.879
2015-10-18  ,  0.867
2015-10-17  ,  0.866
2015-10-16  ,  0.864
2015-10-15  ,  0.882
2015-10-14  ,  0.867
2015-10-13  ,  0.921
2015-10-12  ,  0.905
2015-10-11  ,  0.936
2015-10-10  ,  0.936
2015-10-09  ,  0.936
2015-10-08  ,  0.908
2015-10-07  ,  0.93
2015-10-06  ,  0.912
2015-10-05  ,  0.877
2015-10-03  ,  0.834
2015-10-02  ,  0.824
2015-10-01  ,  0.872
2015-09-30  ,  0.905
2015-09-29  ,  0.923
2015-09-28  ,  0.937
2015-09-27  ,  0.956
2015-09-26  ,  0.972
2015-09-25  ,  0.972
2015-09-24  ,  0.899
2015-09-23  ,  0.924
2015-09-22  ,  0.913
2015-09-21  ,  1.004
2015-09-19  ,  0.981
2015-09-18  ,  0.981
2015-09-17  ,  1.1
2015-09-16  ,  1.092
2015-09-15  ,  1.071
2015-09-14  ,  0.995
2015-09-12  ,  0.995
2015-09-11  ,  0.995
2015-09-10  ,  1.014
2015-09-09  ,  1.028
2015-09-08  ,  1.023
2015-09-07  ,  1.036
2015-09-06  ,  1.01
2015-09-05  ,  1.013
2015-09-04  ,  1.013
2015-09-03  ,  1.083
2015-09-02  ,  1.144
2015-09-01  ,  1.146
2015-08-31  ,  1.111
2015-08-29  ,  1.067
2015-08-28  ,  1.067
2015-08-27  ,  1.1
2015-08-26  ,  1.073
2015-08-25  ,  1.122
2015-08-24  ,  0.97
2015-08-22  ,  0.954
2015-08-21  ,  0.966
2015-08-20  ,  0.941
2015-08-19  ,  0.993
2015-08-18  ,  0.998
2015-08-17  ,  0.971
2015-08-15  ,  1.003
2015-08-14  ,  1.003
2015-08-13  ,  0.987
2015-08-12  ,  0.955
2015-08-11  ,  0.963
2015-08-10  ,  1.03
2015-08-08  ,  0.998
2015-08-07  ,  0.998
2015-08-06  ,  1.042
2015-08-05  ,  1.075
2015-08-04  ,  0.968
2015-08-03  ,  0.958
2015-08-02  ,  0.947
2015-08-01  ,  0.951
2015-07-31  ,  0.952
2015-07-30  ,  0.967
2015-07-29  ,  1.03
2015-07-28  ,  1.003
2015-07-27  ,  0.993
2015-07-25  ,  0.995
2015-07-24  ,  0.998
2015-07-23  ,  1.067
2015-07-22  ,  1.072
2015-07-21  ,  1.122
2015-07-20  ,  1.068
2015-07-18  ,  1.107
2015-07-17  ,  1.122
2015-07-16  ,  1.185
2015-07-15  ,  1.203
2015-07-14  ,  1.286
2015-07-13  ,  1.302
2015-07-11  ,  1.327
2015-07-10  ,  1.327
2015-07-09  ,  1.208
2015-07-08  ,  1.183
2015-07-07  ,  1.168
2015-07-06  ,  1.265
2015-07-04  ,  1.27
2015-07-03  ,  1.27
2015-07-02  ,  1.339
2015-07-01  ,  1.273
2015-06-30  ,  1.217
2015-06-29  ,  1.253
2015-06-27  ,  1.315
2015-06-26  ,  1.315
2015-06-25  ,  1.269
2015-06-24  ,  1.244
2015-06-23  ,  1.26
2015-06-22  ,  1.273
2015-06-21  ,  1.203
2015-06-20  ,  1.203
2015-06-19  ,  1.203
2015-06-18  ,  1.219
2015-06-17  ,  1.252
2015-06-16  ,  1.279
2015-06-15  ,  1.29
2015-06-13  ,  1.25
2015-06-12  ,  1.25
2015-06-11  ,  1.23
2015-06-10  ,  1.327
2015-06-09  ,  1.294
2015-06-08  ,  1.232
2015-06-07  ,  1.176
2015-06-06  ,  1.178
2015-06-05  ,  1.178
2015-06-04  ,  1.142
2015-06-03  ,  1.163
2015-06-02  ,  0.994
2015-06-01  ,  0.836
2015-05-30  ,  0.811
2015-05-29  ,  0.821
2015-05-28  ,  0.86
2015-05-27  ,  0.865
2015-05-26  ,  0.876
2015-05-25  ,  0.911
2015-05-23  ,  0.911
2015-05-22  ,  0.911
2015-05-21  ,  0.936
2015-05-20  ,  0.914
2015-05-19  ,  0.904
2015-05-18  ,  0.957
2015-05-16  ,  0.932
2015-05-15  ,  0.932
2015-05-14  ,  0.987
2015-05-13  ,  0.908
2015-05-12  ,  0.973
2015-05-11  ,  0.882
2015-05-09  ,  0.818
2015-05-08  ,  0.818
2015-05-07  ,  0.882
2015-05-06  ,  0.885
2015-05-05  ,  0.805
2015-05-04  ,  0.695
2015-05-02  ,  0.647
2015-05-01  ,  0.647
2015-04-30  ,  0.65
2015-04-29  ,  0.562
2015-04-28  ,  0.433
2015-04-27  ,  0.431
2015-04-25  ,  0.426
2015-04-24  ,  0.426
2015-04-23  ,  0.417
2015-04-22  ,  0.403
2015-04-21  ,  0.368
2015-04-20  ,  0.363
2015-04-18  ,  0.369
2015-04-17  ,  0.369
2015-04-16  ,  0.355
2015-04-15  ,  0.346
2015-04-14  ,  0.397
2015-04-13  ,  0.412
2015-04-11  ,  0.418
2015-04-10  ,  0.418
2015-04-09  ,  0.437
2015-04-08  ,  0.436
2015-04-07  ,  0.449
2015-04-06  ,  0.464
2015-04-04  ,  0.464
2015-04-03  ,  0.464
2015-04-02  ,  0.449
2015-04-01  ,  0.426
2015-03-31  ,  0.446
2015-03-30  ,  0.484
2015-03-28  ,  0.478
2015-03-27  ,  0.478
2015-03-26  ,  0.486
2015-03-25  ,  0.489
2015-03-24  ,  0.497
2015-03-23  ,  0.48
2015-03-21  ,  0.411
2015-03-20  ,  0.411
2015-03-19  ,  0.426
2015-03-18  ,  0.451
2015-03-17  ,  0.5
2015-03-16  ,  0.478
2015-03-14  ,  0.475
2015-03-13  ,  0.475
2015-03-12  ,  0.456
2015-03-11  ,  0.419
2015-03-10  ,  0.474
2015-03-09  ,  0.557
2015-03-08  ,  0.632
2015-03-07  ,  0.632
2015-03-06  ,  0.632
2015-03-05  ,  0.602
2015-03-04  ,  0.612
2015-03-03  ,  0.606
2015-03-02  ,  0.587
2015-02-28  ,  0.552
2015-02-27  ,  0.552
2015-02-26  ,  0.543
2015-02-25  ,  0.571
2015-02-24  ,  0.629
2015-02-23  ,  0.633
2015-02-21  ,  0.65
2015-02-20  ,  0.65
2015-02-19  ,  0.677
2015-02-18  ,  0.68
2015-02-17  ,  0.66
2015-02-16  ,  0.647
2015-02-14  ,  0.641
2015-02-13  ,  0.641
2015-02-12  ,  0.646
2015-02-11  ,  0.688
2015-02-10  ,  0.707
2015-02-09  ,  0.671
2015-02-07  ,  0.684
2015-02-06  ,  0.684
2015-02-05  ,  0.646
2015-02-04  ,  0.64
2015-02-03  ,  0.627
2015-02-02  ,  0.614
2015-02-01  ,  0.604
2015-01-31  ,  0.628
2015-01-30  ,  0.628
2015-01-29  ,  0.672
2015-01-28  ,  0.666
2015-01-27  ,  0.664
2015-01-26  ,  0.662
2015-01-24  ,  0.633
2015-01-23  ,  0.633
2015-01-22  ,  0.71
2015-01-21  ,  0.789
2015-01-20  ,  0.734
2015-01-19  ,  0.604
2015-01-17  ,  0.608
2015-01-16  ,  0.613
2015-01-15  ,  0.64
2015-01-14  ,  0.618
2015-01-13  ,  0.703
2015-01-12  ,  0.717
2015-01-10  ,  0.74
2015-01-09  ,  0.74
2015-01-08  ,  0.767
2015-01-07  ,  0.753
2015-01-06  ,  0.727
2015-01-05  ,  0.77
2015-01-03  ,  0.769
2015-01-02  ,  0.775
2014-12-31  ,  0.824
2014-12-30  ,  0.829
2014-12-29  ,  0.841
2014-12-28  ,  0.877
2014-12-24  ,  0.875
2014-12-23  ,  0.875
2014-12-22  ,  0.892
2014-12-21  ,  0.899
2014-12-20  ,  0.893
2014-12-19  ,  0.9
2014-12-18  ,  0.899
2014-12-17  ,  0.863
2014-12-16  ,  0.859
2014-12-15  ,  0.892
2014-12-14  ,  0.881
2014-12-13  ,  0.881
2014-12-12  ,  0.874
2014-12-11  ,  0.924
2014-12-10  ,  0.927
2014-12-09  ,  0.933
2014-12-08  ,  0.941
2014-12-06  ,  0.994
2014-12-05  ,  0.994
2014-12-04  ,  0.988
2014-12-03  ,  0.978
2014-12-02  ,  0.976
2014-12-01  ,  0.941
2014-11-30  ,  0.917
2014-11-29  ,  0.929
2014-11-28  ,  0.929
2014-11-27  ,  0.94
2014-11-26  ,  0.994
2014-11-25  ,  1.015
2014-11-24  ,  1.05
2014-11-22  ,  1.049
2014-11-21  ,  1.049
2014-11-20  ,  1.086
2014-11-19  ,  1.121
2014-11-18  ,  1.074
2014-11-17  ,  1.075
2014-11-16  ,  1.067
2014-11-15  ,  1.069
2014-11-14  ,  1.069
2014-11-13  ,  1.091
2014-11-12  ,  1.095
2014-11-11  ,  1.106
2014-11-10  ,  1.122
2014-11-08  ,  1.127
2014-11-07  ,  1.127
2014-11-06  ,  1.125
2014-11-05  ,  1.127
2014-11-04  ,  1.107
2014-11-03  ,  1.157
2014-11-01  ,  1.11
2014-10-31  ,  1.12
2014-10-30  ,  1.158
2014-10-29  ,  1.196
2014-10-28  ,  1.196
2014-10-27  ,  1.209
2014-10-25  ,  1.24
2014-10-24  ,  1.228
2014-10-23  ,  1.229
2014-10-22  ,  1.219
2014-10-21  ,  1.223
2014-10-20  ,  1.246
2014-10-18  ,  1.237
2014-10-17  ,  1.238
2014-10-16  ,  1.194
2014-10-15  ,  1.063
2014-10-14  ,  1.124
2014-10-13  ,  1.174
2014-10-11  ,  1.166
2014-10-10  ,  1.166
2014-10-09  ,  1.148
2014-10-08  ,  1.169
2014-10-07  ,  1.188
2014-10-06  ,  1.172
2014-10-04  ,  1.205
2014-10-03  ,  1.205
2014-10-02  ,  1.192
2014-10-01  ,  1.174
2014-09-30  ,  1.223
2014-09-29  ,  1.243
2014-09-27  ,  1.249
2014-09-26  ,  1.246
2014-09-25  ,  1.257
2014-09-24  ,  1.272
2014-09-23  ,  1.288
2014-09-22  ,  1.294
2014-09-20  ,  1.335
2014-09-19  ,  1.335
2014-09-18  ,  1.425
2014-09-17  ,  1.374
2014-09-16  ,  1.397
2014-09-15  ,  1.381
2014-09-13  ,  1.398
2014-09-12  ,  1.394
2014-09-11  ,  1.35
2014-09-10  ,  1.326
2014-09-09  ,  1.299
2014-09-08  ,  1.223
2014-09-06  ,  1.222
2014-09-05  ,  1.222
2014-09-04  ,  1.287
2014-09-03  ,  1.312
2014-09-02  ,  1.29
2014-09-01  ,  1.231
2014-08-31  ,  1.232
2014-08-30  ,  1.229
2014-08-29  ,  1.226
2014-08-28  ,  1.205
2014-08-27  ,  1.213
2014-08-26  ,  1.259
2014-08-25  ,  1.292
2014-08-23  ,  1.351
2014-08-22  ,  1.351
2014-08-21  ,  1.359
2014-08-20  ,  1.354
2014-08-19  ,  1.382
2014-08-18  ,  1.413
2014-08-17  ,  1.353
2014-08-16  ,  1.353
2014-08-15  ,  1.353
2014-08-14  ,  1.403
2014-08-13  ,  1.441
2014-08-12  ,  1.474
2014-08-11  ,  1.48
2014-08-10  ,  1.467
2014-08-09  ,  1.465
2014-08-08  ,  1.465
2014-08-07  ,  1.502
2014-08-06  ,  1.533
2014-08-05  ,  1.58
2014-08-04  ,  1.522
2014-08-02  ,  1.533
2014-08-01  ,  1.533
2014-07-31  ,  1.556
2014-07-30  ,  1.541
2014-07-29  ,  1.504
2014-07-28  ,  1.536
2014-07-27  ,  1.54
2014-07-26  ,  1.548
2014-07-25  ,  1.548
2014-07-24  ,  1.572
2014-07-23  ,  1.54
2014-07-22  ,  1.574
2014-07-21  ,  1.553
2014-07-20  ,  1.578
2014-07-19  ,  1.578
2014-07-18  ,  1.577
2014-07-17  ,  1.59
2014-07-16  ,  1.617
2014-07-15  ,  1.655
2014-07-14  ,  1.652
2014-07-12  ,  1.644
2014-07-11  ,  1.644
2014-07-10  ,  1.63
2014-07-09  ,  1.648
2014-07-08  ,  1.641
2014-07-07  ,  1.684
2014-07-05  ,  1.671
2014-07-04  ,  1.671
2014-07-03  ,  1.717
2014-07-02  ,  1.727
2014-07-01  ,  1.698
2014-06-30  ,  1.698
2014-06-28  ,  1.716
2014-06-27  ,  1.708
2014-06-26  ,  1.692
2014-06-25  ,  1.722
2014-06-24  ,  1.777
2014-06-23  ,  1.79
2014-06-22  ,  1.807
2014-06-21  ,  1.811
2014-06-20  ,  1.814
2014-06-19  ,  1.79
2014-06-18  ,  1.863
2014-06-17  ,  1.895
2014-06-16  ,  1.841
2014-06-14  ,  1.855
2014-06-13  ,  1.855
2014-06-12  ,  1.871
2014-06-11  ,  1.862
2014-06-10  ,  1.852
2014-06-09  ,  1.805
2014-06-07  ,  1.822
2014-06-06  ,  1.825
2014-06-05  ,  1.922
2014-06-04  ,  1.969
2014-06-03  ,  1.939
2014-06-02  ,  1.895
2014-05-31  ,  1.895
2014-05-30  ,  1.898
2014-05-29  ,  1.863
2014-05-28  ,  1.861
2014-05-27  ,  1.926
2014-05-26  ,  1.974
2014-05-25  ,  1.975
2014-05-24  ,  1.971
2014-05-23  ,  1.971
2014-05-22  ,  1.972
2014-05-21  ,  1.995
2014-05-20  ,  1.984
2014-05-19  ,  1.948
2014-05-17  ,  1.937
2014-05-16  ,  1.928
2014-05-15  ,  1.91
2014-05-14  ,  1.95
2014-05-13  ,  2.013
2014-05-12  ,  2.049
2014-05-10  ,  2.023
2014-05-09  ,  2.023
2014-05-08  ,  2.028
2014-05-07  ,  2.067
2014-05-06  ,  2.054
2014-05-05  ,  2.059
2014-05-03  ,  2.055
2014-05-02  ,  2.055
2014-05-01  ,  2.079
2014-04-30  ,  2.089
2014-04-29  ,  2.134
2014-04-28  ,  2.122
2014-04-27  ,  2.095
2014-04-26  ,  2.095
2014-04-25  ,  2.095
2014-04-24  ,  2.129
2014-04-23  ,  2.14
2014-04-22  ,  2.147
2014-04-21  ,  2.116
2014-04-19  ,  2.116
2014-04-18  ,  2.116
2014-04-17  ,  2.116
2014-04-16  ,  2.09
2014-04-15  ,  2.092
2014-04-14  ,  2.152
2014-04-12  ,  2.149
2014-04-11  ,  2.149
2014-04-10  ,  2.159
2014-04-09  ,  2.213
2014-04-08  ,  2.195
2014-04-07  ,  2.165
2014-04-05  ,  2.149
2014-04-04  ,  2.149
2014-04-03  ,  2.23
2014-04-02  ,  2.263
2014-04-01  ,  2.237
2014-03-31  ,  2.217
2014-03-29  ,  2.194
2014-03-28  ,  2.194
2014-03-27  ,  2.171
2014-03-26  ,  2.202
2014-03-25  ,  2.227
2014-03-24  ,  2.232
2014-03-22  ,  2.267
2014-03-21  ,  2.267
2014-03-20  ,  2.305
2014-03-19  ,  2.27
2014-03-18  ,  2.239
2014-03-17  ,  2.244
2014-03-15  ,  2.243
2014-03-14  ,  2.243
2014-03-13  ,  2.267
2014-03-12  ,  2.313
2014-03-11  ,  2.356
2014-03-10  ,  2.341
2014-03-09  ,  2.346
2014-03-08  ,  2.346
2014-03-07  ,  2.346
2014-03-06  ,  2.348
2014-03-05  ,  2.287
2014-03-04  ,  2.284
2014-03-03  ,  2.28
2014-03-01  ,  2.34
2014-02-28  ,  2.34
2014-02-27  ,  2.284
2014-02-26  ,  2.354
2014-02-25  ,  2.404
2014-02-24  ,  2.431
2014-02-22  ,  2.422
2014-02-21  ,  2.422
2014-02-20  ,  2.458
2014-02-19  ,  2.411
2014-02-18  ,  2.421
2014-02-17  ,  2.432
2014-02-15  ,  2.442
2014-02-14  ,  2.442
2014-02-13  ,  2.436
2014-02-12  ,  2.469
2014-02-11  ,  2.445
2014-02-10  ,  2.224
2014-02-08  ,  2.19
2014-02-07  ,  2.19
2014-02-06  ,  2.222
2014-02-05  ,  2.16
2014-02-04  ,  2.158
2014-02-03  ,  2.156
2014-02-01  ,  2.16
2014-01-31  ,  2.16
2014-01-30  ,  2.23
2014-01-29  ,  2.27
2014-01-28  ,  2.293
2014-01-27  ,  2.288
2014-01-25  ,  2.289
2014-01-24  ,  2.289
2014-01-23  ,  2.332
2014-01-22  ,  2.358
2014-01-21  ,  2.344
2014-01-20  ,  2.321
2014-01-18  ,  2.357
2014-01-17  ,  2.357
2014-01-16  ,  2.399
2014-01-15  ,  2.451
2014-01-14  ,  2.441
2014-01-13  ,  2.479
2014-01-11  ,  2.52
2014-01-10  ,  2.52
2014-01-09  ,  2.566
2014-01-08  ,  2.519
2014-01-07  ,  2.51
2014-01-06  ,  2.532
2014-01-04  ,  2.546
2014-01-03  ,  2.546
2014-01-02  ,  2.56
2014-01-01  ,  2.557
2013-12-31  ,  2.557
2013-12-30  ,  2.561
2013-12-28  ,  2.561
2013-12-27  ,  2.561
2013-12-26  ,  2.48
2013-12-25  ,  2.48
2013-12-24  ,  2.48
2013-12-23  ,  2.474
2013-12-21  ,  2.455
2013-12-20  ,  2.455
2013-12-19  ,  2.448
2013-12-18  ,  2.436
2013-12-17  ,  2.418
2013-12-16  ,  2.426
2013-12-14  ,  2.413
2013-12-13  ,  2.413
2013-12-12  ,  2.424
2013-12-11  ,  2.421
2013-12-10  ,  2.428
2013-12-09  ,  2.449
2013-12-07  ,  2.45
2013-12-06  ,  2.45
2013-12-05  ,  2.438
2013-12-04  ,  2.384
2013-12-03  ,  2.349
2013-12-02  ,  2.363
2013-11-30  ,  2.36
2013-11-29  ,  2.36
2013-11-28  ,  2.358
2013-11-27  ,  2.378
2013-11-26  ,  2.363
2013-11-25  ,  2.378
2013-11-23  ,  2.396
2013-11-22  ,  2.396
2013-11-21  ,  2.418
2013-11-20  ,  2.414
2013-11-19  ,  2.41
2013-11-18  ,  2.398
2013-11-17  ,  2.431
2013-11-16  ,  2.446
2013-11-15  ,  2.446
2013-11-14  ,  2.43
2013-11-13  ,  2.459
2013-11-12  ,  2.518
2013-11-11  ,  2.465
2013-11-09  ,  2.47
2013-11-08  ,  2.47
2013-11-07  ,  2.418
2013-11-06  ,  2.471
2013-11-05  ,  2.47
2013-11-04  ,  2.393
2013-11-03  ,  2.384
2013-11-02  ,  2.395
2013-11-01  ,  2.395
2013-10-31  ,  2.425
2013-10-30  ,  2.46
2013-10-29  ,  2.495
2013-10-28  ,  2.508
2013-10-27  ,  2.516
2013-10-26  ,  2.523
2013-10-25  ,  2.523
2013-10-24  ,  2.523
2013-10-23  ,  2.533
2013-10-22  ,  2.559
2013-10-21  ,  2.615
2013-10-19  ,  2.595
2013-10-18  ,  2.595
2013-10-17  ,  2.62
2013-10-16  ,  2.666
2013-10-15  ,  2.651
2013-10-14  ,  2.606
2013-10-12  ,  2.615
2013-10-11  ,  2.615
2013-10-10  ,  2.616
2013-10-09  ,  2.583
2013-10-08  ,  2.593
2013-10-07  ,  2.576
2013-10-06  ,  2.604
2013-10-05  ,  2.604
2013-10-04  ,  2.604
2013-10-03  ,  2.601
2013-10-02  ,  2.575
2013-10-01  ,  2.579
2013-09-30  ,  2.582
2013-09-29  ,  2.587
2013-09-28  ,  2.587
2013-09-27  ,  2.587
2013-09-26  ,  2.615
2013-09-25  ,  2.614
2013-09-24  ,  2.64
2013-09-23  ,  2.697
2013-09-22  ,  2.739
2013-09-21  ,  2.742
2013-09-20  ,  2.742
2013-09-19  ,  2.716
2013-09-18  ,  2.793
2013-09-17  ,  2.767
2013-09-16  ,  2.766
2013-09-15  ,  2.81
2013-09-14  ,  2.815
2013-09-13  ,  2.815
2013-09-12  ,  2.828
2013-09-11  ,  2.861
2013-09-10  ,  2.901
2013-09-09  ,  2.836
2013-09-08  ,  2.817
2013-09-07  ,  2.817
2013-09-06  ,  2.819
2013-09-05  ,  2.899
2013-09-04  ,  2.793
2013-09-03  ,  2.799
2013-09-02  ,  2.776
2013-09-01  ,  2.737
2013-08-31  ,  2.747
2013-08-30  ,  2.747
2013-08-29  ,  2.742
2013-08-28  ,  2.747
2013-08-27  ,  2.747
2013-08-26  ,  2.769
2013-08-24  ,  2.792
2013-08-23  ,  2.792
2013-08-22  ,  2.806
2013-08-21  ,  2.756
2013-08-20  ,  2.722
2013-08-19  ,  2.748
2013-08-17  ,  2.679
2013-08-16  ,  2.679
2013-08-15  ,  2.697
2013-08-14  ,  2.62
2013-08-13  ,  2.638
2013-08-12  ,  2.54
2013-08-11  ,  2.53
2013-08-10  ,  2.53
2013-08-09  ,  2.531
2013-08-08  ,  2.538
2013-08-07  ,  2.559
2013-08-06  ,  2.579
2013-08-05  ,  2.566
2013-08-03  ,  2.512
2013-08-02  ,  2.512
2013-08-01  ,  2.528
2013-07-31  ,  2.533
2013-07-30  ,  2.545
2013-07-29  ,  2.543
2013-07-27  ,  2.573
2013-07-26  ,  2.573
2013-07-25  ,  2.559
2013-07-24  ,  2.563
2013-07-23  ,  2.533
2013-07-22  ,  2.545
2013-07-20  ,  2.511
2013-07-19  ,  2.511
2013-07-18  ,  2.498
2013-07-17  ,  2.517
2013-07-16  ,  2.529
2013-07-15  ,  2.537
2013-07-13  ,  2.521
2013-07-12  ,  2.521
2013-07-11  ,  2.548
2013-07-10  ,  2.552
2013-07-09  ,  2.543
2013-07-08  ,  2.566
2013-07-06  ,  2.616
2013-07-05  ,  2.616
2013-07-04  ,  2.602
2013-07-03  ,  2.619
2013-07-02  ,  2.586
2013-07-01  ,  2.595
2013-06-29  ,  2.641
2013-06-28  ,  2.641
2013-06-27  ,  2.647
2013-06-26  ,  2.744
2013-06-25  ,  2.858
2013-06-24  ,  2.862
2013-06-23  ,  2.628
2013-06-22  ,  2.636
2013-06-21  ,  2.636
2013-06-20  ,  2.548
2013-06-19  ,  2.358
2013-06-18  ,  2.376
2013-06-17  ,  2.317
2013-06-16  ,  2.317
2013-06-15  ,  2.316
2013-06-14  ,  2.316
2013-06-13  ,  2.386
2013-06-12  ,  2.422
2013-06-11  ,  2.42
2013-06-10  ,  2.382
2013-06-08  ,  2.328
2013-06-07  ,  2.337
2013-06-06  ,  2.309
2013-06-05  ,  2.252
2013-06-04  ,  2.272
2013-06-03  ,  2.252
2013-06-01  ,  2.24
2013-05-31  ,  2.24
2013-05-30  ,  2.241
2013-05-29  ,  2.21
2013-05-28  ,  2.159
2013-05-27  ,  2.144
2013-05-25  ,  2.113
2013-05-24  ,  2.112
2013-05-23  ,  2.094
2013-05-22  ,  2.06
2013-05-21  ,  2.07
2013-05-20  ,  2.017
2013-05-18  ,  1.993
2013-05-17  ,  1.993
2013-05-16  ,  2.017
2013-05-15  ,  2.073
2013-05-14  ,  2.065
2013-05-13  ,  2.066
2013-05-11  ,  2.078
2013-05-10  ,  2.078
2013-05-09  ,  1.972
2013-05-08  ,  1.955
2013-05-07  ,  1.969
2013-05-06  ,  1.942
2013-05-04  ,  1.963
2013-05-03  ,  1.963
2013-05-02  ,  1.929
2013-05-01  ,  1.959
2013-04-30  ,  1.955
2013-04-29  ,  1.982
2013-04-27  ,  1.999
2013-04-26  ,  1.999
2013-04-25  ,  2.014
2013-04-24  ,  1.991
2013-04-23  ,  1.981
2013-04-22  ,  1.986
2013-04-20  ,  2.041
2013-04-19  ,  2.041
2013-04-18  ,  2.012
2013-04-17  ,  2.006
2013-04-16  ,  2.048
2013-04-15  ,  2.04
2013-04-13  ,  2.06
2013-04-12  ,  2.06
2013-04-11  ,  2.104
2013-04-10  ,  2.108
2013-04-09  ,  2.015
2013-04-08  ,  1.958
2013-04-06  ,  1.958
2013-04-05  ,  1.958
2013-04-04  ,  2.099
2013-04-03  ,  2.194
2013-04-02  ,  2.241
2013-03-30  ,  2.228
2013-03-29  ,  2.228
2013-03-28  ,  2.237
2013-03-27  ,  2.219
2013-03-26  ,  2.252
2013-03-25  ,  2.229
2013-03-23  ,  2.211
2013-03-22  ,  2.211
2013-03-21  ,  2.211
2013-03-20  ,  2.216
2013-03-19  ,  2.174
2013-03-18  ,  2.211
2013-03-17  ,  2.237
2013-03-16  ,  2.247
2013-03-15  ,  2.247
2013-03-14  ,  2.273
2013-03-13  ,  2.281
2013-03-12  ,  2.299
2013-03-11  ,  2.306
2013-03-09  ,  2.302
2013-03-08  ,  2.302
2013-03-07  ,  2.313
2013-03-06  ,  2.311
2013-03-05  ,  2.303
2013-03-04  ,  2.284
2013-03-02  ,  2.316
2013-03-01  ,  2.316
2013-02-28  ,  2.348
2013-02-27  ,  2.362
2013-02-26  ,  2.395
2013-02-25  ,  2.433
2013-02-23  ,  2.43
2013-02-22  ,  2.43
2013-02-21  ,  2.45
2013-02-20  ,  2.512
2013-02-19  ,  2.497
2013-02-18  ,  2.501
2013-02-17  ,  2.497
2013-02-16  ,  2.514
2013-02-15  ,  2.514
2013-02-14  ,  2.499
2013-02-13  ,  2.513
2013-02-12  ,  2.497
2013-02-11  ,  2.476
2013-02-10  ,  2.461
2013-02-09  ,  2.461
2013-02-08  ,  2.468
2013-02-07  ,  2.478
2013-02-06  ,  2.503
2013-02-05  ,  2.502
2013-02-04  ,  2.489
2013-02-02  ,  2.476
2013-02-01  ,  2.476
2013-01-31  ,  2.503
2013-01-30  ,  2.526
2013-01-29  ,  2.46
2013-01-28  ,  2.481
2013-01-26  ,  2.431
2013-01-25  ,  2.431
2013-01-24  ,  2.391
2013-01-23  ,  2.214
2013-01-22  ,  2.258
2013-01-21  ,  2.299
2013-01-19  ,  2.253
2013-01-18  ,  2.253
2013-01-17  ,  2.269
2013-01-16  ,  2.201
2013-01-15  ,  2.175
2013-01-14  ,  2.181
2013-01-13  ,  2.223
2013-01-12  ,  2.204
2013-01-11  ,  2.204
2013-01-10  ,  2.205
2013-01-09  ,  2.192
2013-01-08  ,  2.219
2013-01-07  ,  2.235
2013-01-05  ,  2.25
2013-01-04  ,  2.25
2013-01-03  ,  2.212
2013-01-02  ,  2.136
2013-01-01  ,  2.051
2012-12-31  ,  2.051
2012-12-30  ,  2.052
2012-12-29  ,  2.047
2012-12-28  ,  2.047
2012-12-27  ,  2.053
2012-12-26  ,  2.052
2012-12-25  ,  2.052
2012-12-24  ,  2.052
2012-12-23  ,  2.082
2012-12-22  ,  2.082
2012-12-21  ,  2.054
2012-12-20  ,  2.051
2012-12-19  ,  2.107
2012-12-18  ,  2.17
2012-12-17  ,  2.146
2012-12-15  ,  2.113
2012-12-14  ,  2.113
2012-12-13  ,  2.129
2012-12-12  ,  2.12
2012-12-11  ,  2.122
2012-12-10  ,  2.111
2012-12-08  ,  2.098
2012-12-07  ,  2.098
2012-12-06  ,  2.13
2012-12-05  ,  2.139
2012-12-04  ,  2.159
2012-12-03  ,  2.173
2012-12-01  ,  2.154
2012-11-30  ,  2.154
2012-11-29  ,  2.187
2012-11-28  ,  2.215
2012-11-27  ,  2.258
2012-11-26  ,  2.277
2012-11-24  ,  2.298
2012-11-23  ,  2.298
2012-11-22  ,  2.336
2012-11-21  ,  2.338
2012-11-20  ,  2.318
2012-11-19  ,  2.262
2012-11-17  ,  2.251
2012-11-16  ,  2.251
2012-11-15  ,  2.253
2012-11-14  ,  2.266
2012-11-13  ,  2.251
2012-11-12  ,  2.283
2012-11-10  ,  2.305
2012-11-09  ,  2.305
2012-11-08  ,  2.338
2012-11-07  ,  2.354
2012-11-06  ,  2.378
2012-11-05  ,  2.409
2012-11-03  ,  2.449
2012-11-02  ,  2.416
2012-11-01  ,  2.423
2012-10-31  ,  2.447
2012-10-30  ,  2.431
2012-10-29  ,  2.437
2012-10-27  ,  2.483
2012-10-26  ,  2.454
2012-10-25  ,  2.48
2012-10-24  ,  2.473
2012-10-23  ,  2.462
2012-10-22  ,  2.431
2012-10-19  ,  2.4
2012-10-18  ,  2.405
2012-10-17  ,  2.414
2012-10-16  ,  2.379
2012-10-15  ,  2.335
2012-10-13  ,  2.376
2012-10-12  ,  2.376
2012-10-11  ,  2.404
2012-10-10  ,  2.435
2012-10-09  ,  2.441
2012-10-08  ,  2.456
2012-10-06  ,  2.48
2012-10-05  ,  2.48
2012-10-04  ,  2.494
2012-10-03  ,  2.511
2012-10-02  ,  2.561
2012-10-01  ,  2.554
2012-09-29  ,  2.526
2012-09-28  ,  2.526
2012-09-27  ,  2.56
2012-09-26  ,  2.572
2012-09-25  ,  2.622
2012-09-24  ,  2.605
2012-09-23  ,  2.645
2012-09-22  ,  2.645
2012-09-21  ,  2.633
2012-09-20  ,  2.647
2012-09-19  ,  2.642
2012-09-18  ,  2.633
2012-09-17  ,  2.654
2012-09-15  ,  2.639
2012-09-14  ,  2.629
2012-09-13  ,  2.557
2012-09-12  ,  2.576
2012-09-11  ,  2.583
2012-09-10  ,  2.672
2012-09-08  ,  2.643
2012-09-07  ,  2.632
2012-09-06  ,  2.685
2012-09-05  ,  2.653
2012-09-04  ,  2.641
2012-09-03  ,  2.635
2012-09-01  ,  2.578
2012-08-31  ,  2.565
2012-08-30  ,  2.567
2012-08-29  ,  2.585
2012-08-28  ,  2.511
2012-08-27  ,  2.527
2012-08-25  ,  2.51
2012-08-24  ,  2.51
2012-08-23  ,  2.52
2012-08-22  ,  2.595
2012-08-21  ,  2.599
2012-08-20  ,  2.592
2012-08-18  ,  2.599
2012-08-17  ,  2.599
2012-08-16  ,  2.618
2012-08-15  ,  2.612
2012-08-14  ,  2.599
2012-08-13  ,  2.578
2012-08-11  ,  2.534
2012-08-10  ,  2.505
2012-08-09  ,  2.521
2012-08-08  ,  2.554
2012-08-07  ,  2.574
2012-08-06  ,  2.533
2012-08-05  ,  2.564
2012-08-04  ,  2.564
2012-08-03  ,  2.536
2012-08-02  ,  2.579
2012-08-01  ,  2.614
2012-07-31  ,  2.616
2012-07-30  ,  2.686
2012-07-28  ,  2.727
2012-07-27  ,  2.733
2012-07-26  ,  2.736
2012-07-25  ,  2.822
2012-07-24  ,  2.789
2012-07-23  ,  2.607
2012-07-21  ,  2.476
2012-07-20  ,  2.481
2012-07-19  ,  2.467
2012-07-18  ,  2.503
2012-07-17  ,  2.457
2012-07-16  ,  2.564
2012-07-14  ,  2.69
2012-07-13  ,  2.676
2012-07-12  ,  2.704
2012-07-11  ,  2.761
2012-07-10  ,  2.815
2012-07-09  ,  2.875
2012-07-08  ,  2.802
2012-07-07  ,  2.808
2012-07-06  ,  2.805
2012-07-05  ,  2.946
2012-07-04  ,  2.952
2012-07-03  ,  2.964
2012-07-02  ,  3.036
2012-07-01  ,  3.2
2012-06-30  ,  3.201
2012-06-29  ,  3.212
2012-06-28  ,  3.233
2012-06-27  ,  3.241
2012-06-26  ,  3.24
2012-06-25  ,  3.252
2012-06-24  ,  3.311
2012-06-22  ,  3.293
2012-06-21  ,  3.298
2012-06-20  ,  3.31
2012-06-19  ,  3.331
2012-06-18  ,  3.253
2012-06-17  ,  3.246
2012-06-16  ,  3.246
2012-06-15  ,  3.239
2012-06-14  ,  3.303
2012-06-13  ,  3.349
2012-06-12  ,  3.307
2012-06-11  ,  3.169
2012-06-10  ,  3.093
2012-06-08  ,  3.103
2012-06-07  ,  3.132
2012-06-06  ,  2.982
2012-06-05  ,  2.93
2012-06-04  ,  2.942
2012-06-03  ,  2.924
2012-06-01  ,  2.934
2012-05-31  ,  3.094
2012-05-30  ,  3.228
2012-05-29  ,  3.218
2012-05-28  ,  3.219
2012-05-27  ,  3.185
2012-05-26  ,  3.211
2012-05-25  ,  3.209
2012-05-24  ,  3.214
2012-05-23  ,  3.362
2012-05-22  ,  3.394
2012-05-21  ,  3.439
2012-05-20  ,  3.497
2012-05-19  ,  3.497
2012-05-18  ,  3.451
2012-05-17  ,  3.456
2012-05-16  ,  3.387
2012-05-15  ,  3.393
2012-05-14  ,  3.35
2012-05-13  ,  3.331
2012-05-11  ,  3.307
2012-05-10  ,  3.331
2012-05-09  ,  3.392
2012-05-08  ,  3.274
2012-05-07  ,  3.305
2012-05-06  ,  3.338
2012-05-05  ,  3.338
2012-05-04  ,  3.335
2012-05-03  ,  3.352
2012-05-02  ,  3.444
2012-05-01  ,  3.445
2012-04-30  ,  3.432
2012-04-29  ,  3.489
2012-04-27  ,  3.496
2012-04-26  ,  3.492
2012-04-25  ,  3.519
2012-04-24  ,  3.549
2012-04-23  ,  3.632
2012-04-22  ,  3.631
2012-04-21  ,  3.615
2012-04-20  ,  3.608
2012-04-19  ,  3.563
2012-04-18  ,  3.533
2012-04-17  ,  3.553
2012-04-16  ,  3.569
2012-04-15  ,  3.553
2012-04-14  ,  3.553
2012-04-13  ,  3.534
2012-04-12  ,  3.512
2012-04-11  ,  3.572
2012-04-10  ,  3.593
2012-04-09  ,  3.585
2012-04-08  ,  3.566
2012-04-07  ,  3.585
2012-04-06  ,  3.585
2012-04-05  ,  3.599
2012-04-04  ,  3.527
2012-04-03  ,  3.524
2012-04-02  ,  3.538
2012-04-01  ,  3.577
2012-03-31  ,  3.551
2012-03-30  ,  3.538
2012-03-29  ,  3.631
2012-03-28  ,  3.575
2012-03-27  ,  3.52
2012-03-26  ,  3.472
2012-03-25  ,  3.567
2012-03-24  ,  3.567
2012-03-23  ,  3.55
2012-03-22  ,  3.523
2012-03-21  ,  3.447
2012-03-20  ,  3.457
2012-03-19  ,  3.447
2012-03-18  ,  3.485
2012-03-17  ,  3.485
2012-03-16  ,  3.456
2012-03-15  ,  3.535
2012-03-14  ,  3.585
2012-03-13  ,  3.527
2012-03-12  ,  3.549
2012-03-11  ,  3.551
2012-03-10  ,  3.551
2012-03-09  ,  3.584
2012-03-08  ,  3.555
2012-03-07  ,  3.687
2012-03-06  ,  3.721
2012-03-05  ,  3.637
2012-03-04  ,  3.66
2012-03-03  ,  3.66
2012-03-02  ,  3.605
2012-03-01  ,  3.691
2012-02-29  ,  3.73
2012-02-28  ,  3.757
2012-02-27  ,  3.813
2012-02-25  ,  3.83
2012-02-24  ,  3.83
2012-02-23  ,  3.836
2012-02-22  ,  3.802
2012-02-21  ,  3.793
2012-02-20  ,  3.744
2012-02-19  ,  3.733
2012-02-18  ,  3.768
2012-02-17  ,  3.768
2012-02-16  ,  3.697
2012-02-15  ,  3.66
2012-02-14  ,  3.647
2012-02-13  ,  3.642
2012-02-10  ,  3.717
2012-02-09  ,  3.693
2012-02-08  ,  3.717
2012-02-07  ,  3.73
2012-02-06  ,  3.676
2012-02-03  ,  3.697
2012-02-02  ,  3.66
2012-02-01  ,  3.704
2012-01-31  ,  3.826
2012-01-30  ,  3.86
2012-01-27  ,  3.845
2012-01-26  ,  3.833
2012-01-25  ,  3.987
2012-01-24  ,  4.015
2012-01-23  ,  4.063
2012-01-20  ,  4.094
2012-01-19  ,  4.113
2012-01-18  ,  4.155
2012-01-17  ,  4.206
2012-01-16  ,  4.127
2012-01-13  ,  4.197
2012-01-12  ,  4.088
2012-01-11  ,  4.351
2012-01-10  ,  4.459
2012-01-09  ,  4.586
2012-01-06  ,  4.647
2012-01-05  ,  4.602
2012-01-04  ,  4.424
2012-01-03  ,  4.293
2012-01-02  ,  4.236
2011-12-30  ,  4.109
2011-12-29  ,  4.107
2011-12-28  ,  4.02
2011-12-27  ,  4.074
2011-12-23  ,  4.084
2011-12-22  ,  4.214
2011-12-21  ,  4.365
2011-12-20  ,  4.334
2011-12-19  ,  4.393
2011-12-16  ,  4.331
2011-12-15  ,  4.327
2011-12-14  ,  4.476
2011-12-13  ,  4.527
2011-12-12  ,  4.537
2011-12-09  ,  4.512
2011-12-08  ,  4.683
2011-12-07  ,  4.422
2011-12-06  ,  4.284
2011-12-05  ,  4.342
2011-12-02  ,  4.635
2011-12-01  ,  4.808
2011-11-30  ,  5.06
2011-11-29  ,  5.405
2011-11-28  ,  5.609
2011-11-25  ,  5.832
2011-11-24  ,  5.768
2011-11-23  ,  5.51
2011-11-22  ,  5.08
2011-11-21  ,  4.817
2011-11-18  ,  4.843
2011-11-17  ,  4.929
2011-11-16  ,  4.899
2011-11-15  ,  4.906
2011-11-14  ,  4.647
2011-11-11  ,  4.542
2011-11-10  ,  4.504
2011-11-09  ,  4.398
2011-11-08  ,  4.295
2011-11-07  ,  4.354
2011-11-04  ,  4.397
2011-11-03  ,  4.395
2011-11-02  ,  4.406
2011-11-01  ,  4.415
2011-10-31  ,  4.409
2011-10-28  ,  4.343
2011-10-27  ,  4.229
2011-10-26  ,  4.255
2011-10-25  ,  4.324
2011-10-24  ,  4.447
2011-10-21  ,  4.427
2011-10-20  ,  4.441
2011-10-19  ,  4.46
2011-10-18  ,  4.483
2011-10-17  ,  4.453
2011-10-14  ,  4.427
2011-10-13  ,  4.341
2011-10-12  ,  4.233
2011-10-11  ,  4.186
2011-10-10  ,  4.075
2011-10-07  ,  3.971
2011-10-06  ,  4.092
2011-10-05  ,  3.99
2011-10-04  ,  3.815
2011-10-03  ,  3.622
2011-09-30  ,  3.65
2011-09-29  ,  3.76
2011-09-28  ,  3.785
2011-09-27  ,  3.799
2011-09-26  ,  3.809
2011-09-23  ,  3.763
2011-09-22  ,  3.731
2011-09-21  ,  3.807
2011-09-20  ,  3.804
2011-09-19  ,  3.762
2011-09-16  ,  3.718
2011-09-15  ,  3.934
2011-09-14  ,  4.031
2011-09-13  ,  3.943
2011-09-12  ,  3.935
2011-09-09  ,  3.917
2011-09-08  ,  3.946
2011-09-07  ,  4.047
2011-09-06  ,  4.167
2011-09-05  ,  4.123
2011-09-02  ,  4.037
2011-09-01  ,  4.064
2011-08-31  ,  4.015
2011-08-30  ,  3.965
2011-08-29  ,  3.965
2011-08-26  ,  3.925
2011-08-25  ,  3.954
2011-08-24  ,  3.927
2011-08-23  ,  3.885
2011-08-22  ,  3.875
2011-08-19  ,  3.903
2011-08-18  ,  3.859
2011-08-17  ,  3.912
2011-08-16  ,  4.02
2011-08-15  ,  4.033
2011-08-12  ,  4.09
2011-08-11  ,  4.127
2011-08-10  ,  4.121
2011-08-09  ,  4.25
2011-08-08  ,  4.226
2011-08-05  ,  4.472
2011-08-04  ,  4.474
2011-08-03  ,  4.471
2011-08-02  ,  4.387
2011-08-01  ,  4.349
2011-07-29  ,  4.395
2011-07-28  ,  4.341
2011-07-27  ,  4.288
2011-07-26  ,  4.324
2011-07-25  ,  4.319
2011-07-22  ,  4.266
2011-07-21  ,  4.21
2011-07-20  ,  4.31
2011-07-19  ,  4.351
2011-07-18  ,  4.348
2011-07-15  ,  4.339
2011-07-14  ,  4.293
2011-07-13  ,  4.239
2011-07-12  ,  4.292
2011-07-11  ,  4.301
2011-07-08  ,  4.135
2011-07-07  ,  4.123
2011-07-06  ,  4.139
2011-07-05  ,  4.099
2011-07-04  ,  4.092
2011-07-01  ,  4.109
2011-06-30  ,  4.095
2011-06-29  ,  4.152
2011-06-28  ,  4.155
2011-06-27  ,  4.209
2011-06-24  ,  4.142
2011-06-23  ,  4.138
2011-06-22  ,  4.126
2011-06-21  ,  4.143
2011-06-20  ,  4.137
2011-06-17  ,  4.121
2011-06-16  ,  4.15
2011-06-15  ,  4.172
2011-06-14  ,  4.161
2011-06-13  ,  4.133
2011-06-10  ,  4.131
2011-06-09  ,  4.181
2011-06-08  ,  4.171
2011-06-07  ,  4.159
2011-06-06  ,  4.102
2011-06-03  ,  4.06
2011-06-02  ,  4.069
2011-06-01  ,  4.116
2011-05-31  ,  4.168
2011-05-30  ,  4.218
2011-05-27  ,  4.164
2011-05-26  ,  4.141
2011-05-25  ,  4.186
2011-05-24  ,  4.217
2011-05-23  ,  4.214
2011-05-20  ,  4.225
2011-05-19  ,  4.241
2011-05-18  ,  4.227
2011-05-17  ,  4.18
2011-05-16  ,  4.196
2011-05-13  ,  4.194
2011-05-12  ,  4.192
2011-05-11  ,  4.223
2011-05-10  ,  4.205
2011-05-09  ,  4.211
2011-05-06  ,  4.219
2011-05-05  ,  4.269
2011-05-04  ,  4.289
2011-05-03  ,  4.26
2011-05-02  ,  4.234
2011-04-29  ,  4.247
2011-04-28  ,  4.262
2011-04-27  ,  4.353
2011-04-26  ,  4.33
2011-04-21  ,  4.313
2011-04-20  ,  4.326
2011-04-19  ,  4.34
2011-04-18  ,  4.331
2011-04-15  ,  4.345
2011-04-14  ,  4.292
2011-04-13  ,  4.254
2011-04-12  ,  4.24
2011-04-11  ,  4.296
2011-04-08  ,  4.3
2011-04-07  ,  4.241
2011-04-06  ,  4.243
2011-04-05  ,  4.252
2011-04-04  ,  4.259
2011-04-01  ,  4.296
2011-03-31  ,  4.33
2011-03-30  ,  4.263
2011-03-29  ,  4.234
2011-03-28  ,  4.234
2011-03-25  ,  4.211
2011-03-24  ,  4.226
2011-03-23  ,  4.22
2011-03-22  ,  4.236
2011-03-21  ,  4.147
2011-03-18  ,  4.08
2011-03-17  ,  4.082
2011-03-16  ,  3.992
2011-03-15  ,  4.073
2011-03-14  ,  4.151
2011-03-11  ,  4.244
2011-03-10  ,  4.345
2011-03-09  ,  4.396
2011-03-08  ,  4.357
2011-03-07  ,  4.307
2011-03-04  ,  4.298
2011-03-03  ,  4.324
2011-03-02  ,  4.272
2011-03-01  ,  4.286
2011-02-28  ,  4.293
2011-02-25  ,  4.302
2011-02-24  ,  4.239
2011-02-23  ,  4.237
2011-02-22  ,  4.212
2011-02-21  ,  4.224
2011-02-18  ,  4.249
2011-02-17  ,  4.242
2011-02-16  ,  4.238
2011-02-15  ,  4.284
2011-02-14  ,  4.305
2011-02-11  ,  4.293
2011-02-10  ,  4.251
2011-02-09  ,  4.229
2011-02-08  ,  4.203
2011-02-07  ,  4.198
2011-02-04  ,  4.175
2011-02-03  ,  4.154
2011-02-02  ,  4.14
2011-02-01  ,  4.234
2011-01-31  ,  4.278
2011-01-28  ,  4.312
2011-01-27  ,  4.345
2011-01-26  ,  4.263
2011-01-25  ,  4.236
2011-01-24  ,  4.199
2011-01-21  ,  4.208
2011-01-20  ,  4.143
2011-01-19  ,  4.152
2011-01-18  ,  4.204
2011-01-17  ,  4.12
2011-01-14  ,  4.077
2011-01-13  ,  4.071
2011-01-12  ,  4.205
2011-01-11  ,  4.303
2011-01-10  ,  4.24
2011-01-07  ,  4.125
2011-01-06  ,  4.032
2011-01-05  ,  3.931
2011-01-04  ,  3.922
2011-01-03  ,  3.973
2010-12-31  ,  3.971
2010-12-30  ,  3.981
2010-12-29  ,  4.088
2010-12-28  ,  3.989
2010-12-27  ,  4.101
2010-12-24  ,  4.0
2010-12-23  ,  3.992
2010-12-22  ,  3.976
2010-12-21  ,  3.943
2010-12-20  ,  4.0
2010-12-17  ,  4.051
2010-12-16  ,  4.039
2010-12-15  ,  4.07
2010-12-14  ,  4.061
2010-12-13  ,  3.99
2010-12-10  ,  4.011
2010-12-09  ,  3.984
2010-12-08  ,  4.058
2010-12-07  ,  4.094
2010-12-06  ,  3.961
2010-12-03  ,  3.959
2010-12-02  ,  3.973
2010-12-01  ,  4.009
2010-11-30  ,  4.066
2010-11-29  ,  3.89
2010-11-26  ,  3.671
2010-11-25  ,  3.688
2010-11-24  ,  3.609
2010-11-23  ,  3.562
2010-11-22  ,  3.559
2010-11-19  ,  3.603
2010-11-18  ,  3.596
2010-11-17  ,  3.48
2010-11-16  ,  3.5
2010-11-15  ,  3.433
2010-11-12  ,  3.44
2010-11-11  ,  3.424
2010-11-10  ,  3.375
2010-11-09  ,  3.354
2010-11-08  ,  3.348
2010-11-05  ,  3.309
2010-11-04  ,  3.248
2010-11-03  ,  3.26
2010-11-02  ,  3.308
2010-11-01  ,  3.303
2010-10-29  ,  3.332
2010-10-28  ,  3.394
2010-10-27  ,  3.384
2010-10-26  ,  3.292
2010-10-25  ,  3.291
2010-10-22  ,  3.356
2010-10-21  ,  3.35
2010-10-20  ,  3.314
2010-10-19  ,  3.271
2010-10-18  ,  3.211
2010-10-15  ,  3.214
2010-10-14  ,  3.171
2010-10-13  ,  3.171
2010-10-12  ,  3.102
2010-10-11  ,  3.147
2010-10-08  ,  3.137
2010-10-07  ,  3.184
2010-10-06  ,  3.11
2010-10-05  ,  3.16
2010-10-04  ,  3.142
2010-10-01  ,  3.113
2010-09-30  ,  3.142
2010-09-29  ,  3.134
2010-09-28  ,  3.14
2010-09-27  ,  3.132
2010-09-24  ,  3.263
2010-09-23  ,  3.188
2010-09-22  ,  3.176
2010-09-21  ,  3.296
2010-09-20  ,  3.359
2010-09-17  ,  3.286
2010-09-16  ,  3.313
2010-09-15  ,  3.22
2010-09-14  ,  3.197
2010-09-13  ,  3.173
2010-09-10  ,  3.131
2010-09-09  ,  3.048
2010-09-08  ,  3.024
2010-09-07  ,  3.026
2010-09-06  ,  3.019
2010-09-03  ,  2.991
2010-09-02  ,  2.927
2010-09-01  ,  2.912
2010-08-31  ,  2.832
2010-08-30  ,  2.84
2010-08-27  ,  2.914
2010-08-26  ,  2.857
2010-08-25  ,  2.866
2010-08-24  ,  2.865
2010-08-23  ,  2.946
2010-08-20  ,  2.948
2010-08-19  ,  2.953
2010-08-18  ,  2.98
2010-08-17  ,  3.035
2010-08-16  ,  3.004
2010-08-13  ,  3.055
2010-08-12  ,  3.06
2010-08-11  ,  3.029
2010-08-10  ,  3.112
2010-08-09  ,  3.077
2010-08-06  ,  3.085
2010-08-05  ,  3.151
2010-08-04  ,  3.221
2010-08-03  ,  3.252
2010-08-02  ,  3.328
2010-07-30  ,  3.303
2010-07-29  ,  3.33
2010-07-28  ,  3.331
2010-07-27  ,  3.336
2010-07-26  ,  3.384
2010-07-23  ,  3.36
2010-07-22  ,  3.361
2010-07-21  ,  3.314
2010-07-20  ,  3.316
2010-07-19  ,  3.32
2010-07-16  ,  3.256
2010-07-15  ,  3.303
2010-07-14  ,  3.262
2010-07-13  ,  3.227
2010-07-12  ,  3.208
2010-07-09  ,  3.242
2010-07-08  ,  3.272
2010-07-07  ,  3.292
2010-07-06  ,  3.268
2010-07-05  ,  3.234
2010-07-02  ,  3.299
2010-07-01  ,  3.377
2010-06-30  ,  3.446
2010-06-29  ,  3.482
2010-06-28  ,  3.498
2010-06-25  ,  3.555
2010-06-24  ,  3.477
2010-06-23  ,  3.515
2010-06-22  ,  3.447
2010-06-21  ,  3.451
2010-06-18  ,  3.475
2010-06-17  ,  3.478
2010-06-16  ,  3.525
2010-06-15  ,  3.477
2010-06-14  ,  3.482
2010-06-11  ,  3.364
2010-06-10  ,  3.479
2010-06-09  ,  3.552
2010-06-08  ,  3.552
2010-06-07  ,  3.595
2010-06-04  ,  3.488
2010-06-03  ,  3.45
2010-06-02  ,  3.323
2010-06-01  ,  3.274
2010-05-31  ,  3.173
2010-05-28  ,  3.183
2010-05-27  ,  3.204
2010-05-26  ,  3.154
2010-05-25  ,  3.083
2010-05-24  ,  3.105
2010-05-21  ,  3.136
2010-05-20  ,  3.133
2010-05-19  ,  3.166
2010-05-18  ,  3.226
2010-05-17  ,  3.314
2010-05-14  ,  3.31
2010-05-13  ,  3.387
2010-05-12  ,  3.414
2010-05-11  ,  3.428
2010-05-10  ,  3.496
2010-05-07  ,  3.522
2010-05-06  ,  3.479
2010-05-05  ,  3.385
2010-05-04  ,  3.488
2010-05-03  ,  3.516
2010-04-30  ,  3.474
2010-04-29  ,  3.567
2010-04-28  ,  3.593
2010-04-27  ,  3.543
2010-04-26  ,  3.578
