26_Jun_2018  ,  4.107
25_Jun_2018  ,  4.142
23_Jun_2018  ,  4.142
22_Jun_2018  ,  4.151
21_Jun_2018  ,  4.308
20_Jun_2018  ,  4.362
19_Jun_2018  ,  4.393
18_Jun_2018  ,  4.429
17_Jun_2018  ,  4.429
16_Jun_2018  ,  4.429
15_Jun_2018  ,  4.494
14_Jun_2018  ,  4.599
13_Jun_2018  ,  4.57
12_Jun_2018  ,  4.535
11_Jun_2018  ,  4.503
9_Jun_2018  ,  4.503
8_Jun_2018  ,  4.683
7_Jun_2018  ,  4.577
6_Jun_2018  ,  4.608
5_Jun_2018  ,  4.513
4_Jun_2018  ,  4.467
3_Jun_2018  ,  4.467
1_Jun_2018  ,  4.495
31_May_2018  ,  4.576
30_May_2018  ,  4.575
29_May_2018  ,  4.814
28_May_2018  ,  4.477
27_May_2018  ,  4.477
25_May_2018  ,  4.399
24_May_2018  ,  4.264
23_May_2018  ,  4.381
22_May_2018  ,  4.407
21_May_2018  ,  4.479
20_May_2018  ,  4.543
18_May_2018  ,  4.538
17_May_2018  ,  4.449
16_May_2018  ,  4.327
15_May_2018  ,  4.12
14_May_2018  ,  4.038
13_May_2018  ,  4.038
11_May_2018  ,  4.015
10_May_2018  ,  4.093
9_May_2018  ,  4.19
8_May_2018  ,  4.145
7_May_2018  ,  4.097
4_May_2018  ,  4.128
3_May_2018  ,  3.986
2_May_2018  ,  3.914
1_May_2018  ,  3.842
30_Apr_2018  ,  3.842
27_Apr_2018  ,  3.914
26_Apr_2018  ,  3.936
25_Apr_2018  ,  3.979
24_Apr_2018  ,  4.003
23_Apr_2018  ,  4.04
20_Apr_2018  ,  4.06
19_Apr_2018  ,  4.031
18_Apr_2018  ,  4.006
17_Apr_2018  ,  4.024
16_Apr_2018  ,  4.07
14_Apr_2018  ,  4.07
13_Apr_2018  ,  4.108
12_Apr_2018  ,  3.994
11_Apr_2018  ,  4.104
10_Apr_2018  ,  4.06
9_Apr_2018  ,  3.999
6_Apr_2018  ,  4.004
5_Apr_2018  ,  3.994
4_Apr_2018  ,  4.104
3_Apr_2018  ,  4.266
30_Mar_2018  ,  4.299
29_Mar_2018  ,  4.312
28_Mar_2018  ,  4.363
27_Mar_2018  ,  4.365
26_Mar_2018  ,  4.418
24_Mar_2018  ,  4.418
23_Mar_2018  ,  4.383
22_Mar_2018  ,  4.274
21_Mar_2018  ,  4.215
20_Mar_2018  ,  4.179
19_Mar_2018  ,  4.19
16_Mar_2018  ,  4.185
15_Mar_2018  ,  4.226
14_Mar_2018  ,  4.162
13_Mar_2018  ,  4.15
12_Mar_2018  ,  4.175
9_Mar_2018  ,  4.197
8_Mar_2018  ,  4.151
7_Mar_2018  ,  4.243
6_Mar_2018  ,  4.3
5_Mar_2018  ,  4.359
2_Mar_2018  ,  4.376
1_Mar_2018  ,  4.487
28_Feb_2018  ,  4.411
27_Feb_2018  ,  4.382
26_Feb_2018  ,  4.42
23_Feb_2018  ,  4.387
22_Feb_2018  ,  4.378
21_Feb_2018  ,  4.477
20_Feb_2018  ,  4.38
19_Feb_2018  ,  4.237
18_Feb_2018  ,  4.283
16_Feb_2018  ,  4.276
15_Feb_2018  ,  4.459
14_Feb_2018  ,  4.497
13_Feb_2018  ,  4.389
12_Feb_2018  ,  4.293
9_Feb_2018  ,  4.105
8_Feb_2018  ,  3.781
7_Feb_2018  ,  3.673
6_Feb_2018  ,  3.752
5_Feb_2018  ,  3.726
2_Feb_2018  ,  3.667
1_Feb_2018  ,  3.697
31_Jan_2018  ,  3.734
30_Jan_2018  ,  3.67
29_Jan_2018  ,  3.657
26_Jan_2018  ,  3.668
25_Jan_2018  ,  3.678
24_Jan_2018  ,  3.717
23_Jan_2018  ,  3.777
22_Jan_2018  ,  3.85
19_Jan_2018  ,  3.79
18_Jan_2018  ,  3.789
17_Jan_2018  ,  3.743
16_Jan_2018  ,  3.778
15_Jan_2018  ,  3.881
12_Jan_2018  ,  3.884
11_Jan_2018  ,  3.766
10_Jan_2018  ,  3.701
9_Jan_2018  ,  3.652
8_Jan_2018  ,  3.725
7_Jan_2018  ,  3.725
5_Jan_2018  ,  3.746
4_Jan_2018  ,  3.862
3_Jan_2018  ,  4.017
2_Jan_2018  ,  4.081
1_Jan_2018  ,  4.081
29_Dec_2017  ,  4.119
28_Dec_2017  ,  4.12
27_Dec_2017  ,  4.133
26_Dec_2017  ,  4.133
25_Dec_2017  ,  4.133
22_Dec_2017  ,  4.109
21_Dec_2017  ,  4.096
20_Dec_2017  ,  4.142
19_Dec_2017  ,  4.103
18_Dec_2017  ,  3.927
16_Dec_2017  ,  3.933
15_Dec_2017  ,  3.965
14_Dec_2017  ,  4.153
13_Dec_2017  ,  4.247
12_Dec_2017  ,  4.385
11_Dec_2017  ,  4.49
8_Dec_2017  ,  4.473
7_Dec_2017  ,  4.794
6_Dec_2017  ,  4.793
5_Dec_2017  ,  4.812
4_Dec_2017  ,  5.404
2_Dec_2017  ,  5.404
1_Dec_2017  ,  5.391
30_Nov_2017  ,  5.391
29_Nov_2017  ,  5.384
28_Nov_2017  ,  5.565
27_Nov_2017  ,  5.509
24_Nov_2017  ,  5.447
23_Nov_2017  ,  5.403
22_Nov_2017  ,  5.356
21_Nov_2017  ,  5.344
20_Nov_2017  ,  5.274
17_Nov_2017  ,  5.229
16_Nov_2017  ,  5.199
15_Nov_2017  ,  5.077
14_Nov_2017  ,  5.103
13_Nov_2017  ,  5.091
10_Nov_2017  ,  5.2
9_Nov_2017  ,  5.175
8_Nov_2017  ,  5.108
7_Nov_2017  ,  5.12
6_Nov_2017  ,  5.153
3_Nov_2017  ,  5.14
2_Nov_2017  ,  5.058
1_Nov_2017  ,  5.309
31_Oct_2017  ,  5.515
30_Oct_2017  ,  5.574
29_Oct_2017  ,  5.537
27_Oct_2017  ,  5.555
26_Oct_2017  ,  5.57
25_Oct_2017  ,  5.574
24_Oct_2017  ,  5.567
23_Oct_2017  ,  5.583
22_Oct_2017  ,  5.549
20_Oct_2017  ,  5.579
19_Oct_2017  ,  5.574
18_Oct_2017  ,  5.53
17_Oct_2017  ,  5.497
16_Oct_2017  ,  5.522
13_Oct_2017  ,  5.559
12_Oct_2017  ,  5.572
11_Oct_2017  ,  5.583
10_Oct_2017  ,  5.597
9_Oct_2017  ,  5.617
6_Oct_2017  ,  5.615
5_Oct_2017  ,  5.605
4_Oct_2017  ,  5.573
3_Oct_2017  ,  5.575
2_Oct_2017  ,  5.587
29_Sep_2017  ,  5.669
28_Sep_2017  ,  5.736
27_Sep_2017  ,  5.773
26_Sep_2017  ,  5.647
25_Sep_2017  ,  5.665
22_Sep_2017  ,  5.59
21_Sep_2017  ,  5.542
20_Sep_2017  ,  5.54
19_Sep_2017  ,  5.512
18_Sep_2017  ,  5.476
15_Sep_2017  ,  5.452
14_Sep_2017  ,  5.411
13_Sep_2017  ,  5.469
12_Sep_2017  ,  5.464
11_Sep_2017  ,  5.501
8_Sep_2017  ,  5.497
7_Sep_2017  ,  5.478
6_Sep_2017  ,  5.491
5_Sep_2017  ,  5.499
4_Sep_2017  ,  5.54
1_Sep_2017  ,  5.545
31_Aug_2017  ,  5.609
30_Aug_2017  ,  5.582
29_Aug_2017  ,  5.541
28_Aug_2017  ,  5.542
25_Aug_2017  ,  5.551
24_Aug_2017  ,  5.548
23_Aug_2017  ,  5.562
22_Aug_2017  ,  5.58
21_Aug_2017  ,  5.627
18_Aug_2017  ,  5.615
17_Aug_2017  ,  5.626
16_Aug_2017  ,  5.586
15_Aug_2017  ,  5.529
14_Aug_2017  ,  5.538
11_Aug_2017  ,  5.565
10_Aug_2017  ,  5.508
9_Aug_2017  ,  5.515
8_Aug_2017  ,  5.46
7_Aug_2017  ,  5.475
6_Aug_2017  ,  5.46
4_Aug_2017  ,  5.51
3_Aug_2017  ,  5.48
2_Aug_2017  ,  5.499
1_Aug_2017  ,  5.468
31_Jul_2017  ,  5.409
28_Jul_2017  ,  5.356
27_Jul_2017  ,  5.334
26_Jul_2017  ,  5.355
25_Jul_2017  ,  5.294
24_Jul_2017  ,  5.274
21_Jul_2017  ,  5.261
20_Jul_2017  ,  5.277
19_Jul_2017  ,  5.275
18_Jul_2017  ,  5.265
17_Jul_2017  ,  5.284
16_Jul_2017  ,  5.369
14_Jul_2017  ,  5.414
13_Jul_2017  ,  5.381
12_Jul_2017  ,  5.367
11_Jul_2017  ,  5.377
10_Jul_2017  ,  5.405
7_Jul_2017  ,  5.42
6_Jul_2017  ,  5.38
5_Jul_2017  ,  5.352
4_Jul_2017  ,  5.393
3_Jul_2017  ,  5.416
2_Jul_2017  ,  5.491
1_Jul_2017  ,  5.491
30_Jun_2017  ,  5.433
29_Jun_2017  ,  5.45
28_Jun_2017  ,  5.555
27_Jun_2017  ,  5.542
26_Jun_2017  ,  5.45
25_Jun_2017  ,  5.422
23_Jun_2017  ,  5.473
22_Jun_2017  ,  5.58
21_Jun_2017  ,  5.577
20_Jun_2017  ,  5.592
19_Jun_2017  ,  5.67
16_Jun_2017  ,  5.667
15_Jun_2017  ,  5.894
14_Jun_2017  ,  5.861
13_Jun_2017  ,  5.839
12_Jun_2017  ,  5.888
9_Jun_2017  ,  6.004
8_Jun_2017  ,  6.057
7_Jun_2017  ,  6.064
6_Jun_2017  ,  6.055
5_Jun_2017  ,  6.11
2_Jun_2017  ,  6.058
1_Jun_2017  ,  6.134
31_May_2017  ,  6.096
30_May_2017  ,  6.039
29_May_2017  ,  5.966
26_May_2017  ,  5.975
25_May_2017  ,  6.068
24_May_2017  ,  6.003
23_May_2017  ,  5.837
22_May_2017  ,  5.667
19_May_2017  ,  5.727
18_May_2017  ,  5.759
17_May_2017  ,  5.713
16_May_2017  ,  5.717
15_May_2017  ,  5.722
12_May_2017  ,  5.683
11_May_2017  ,  5.622
10_May_2017  ,  5.654
9_May_2017  ,  5.633
8_May_2017  ,  5.71
7_May_2017  ,  5.902
5_May_2017  ,  5.887
4_May_2017  ,  5.995
3_May_2017  ,  6.014
2_May_2017  ,  6.021
28_Apr_2017  ,  6.396
27_Apr_2017  ,  6.406
26_Apr_2017  ,  6.43
25_Apr_2017  ,  6.433
24_Apr_2017  ,  6.426
22_Apr_2017  ,  6.635
21_Apr_2017  ,  6.677
20_Apr_2017  ,  6.713
19_Apr_2017  ,  6.702
18_Apr_2017  ,  6.713
17_Apr_2017  ,  6.668
13_Apr_2017  ,  6.649
12_Apr_2017  ,  6.634
11_Apr_2017  ,  6.735
10_Apr_2017  ,  6.786
7_Apr_2017  ,  6.89
6_Apr_2017  ,  7.113
5_Apr_2017  ,  7.101
4_Apr_2017  ,  7.07
3_Apr_2017  ,  6.984
31_Mar_2017  ,  6.952
30_Mar_2017  ,  6.952
29_Mar_2017  ,  6.913
28_Mar_2017  ,  7.098
27_Mar_2017  ,  7.309
26_Mar_2017  ,  7.447
24_Mar_2017  ,  7.403
23_Mar_2017  ,  7.412
22_Mar_2017  ,  7.408
21_Mar_2017  ,  7.44
20_Mar_2017  ,  7.472
18_Mar_2017  ,  7.396
17_Mar_2017  ,  7.388
16_Mar_2017  ,  7.354
15_Mar_2017  ,  7.325
14_Mar_2017  ,  7.283
13_Mar_2017  ,  7.194
10_Mar_2017  ,  7.21
9_Mar_2017  ,  7.245
8_Mar_2017  ,  7.159
7_Mar_2017  ,  7.18
6_Mar_2017  ,  7.068
3_Mar_2017  ,  7.062
2_Mar_2017  ,  7.056
1_Mar_2017  ,  6.969
28_Feb_2017  ,  7.181
27_Feb_2017  ,  7.251
24_Feb_2017  ,  7.259
23_Feb_2017  ,  7.306
22_Feb_2017  ,  7.274
21_Feb_2017  ,  7.207
20_Feb_2017  ,  7.733
17_Feb_2017  ,  7.814
16_Feb_2017  ,  7.809
15_Feb_2017  ,  7.791
14_Feb_2017  ,  7.533
13_Feb_2017  ,  7.522
10_Feb_2017  ,  7.33
9_Feb_2017  ,  7.86
8_Feb_2017  ,  7.704
7_Feb_2017  ,  7.821
6_Feb_2017  ,  7.556
3_Feb_2017  ,  7.558
2_Feb_2017  ,  7.569
1_Feb_2017  ,  7.653
31_Jan_2017  ,  7.83
30_Jan_2017  ,  7.629
27_Jan_2017  ,  7.138
26_Jan_2017  ,  6.924
25_Jan_2017  ,  6.899
24_Jan_2017  ,  7.013
23_Jan_2017  ,  7.057
20_Jan_2017  ,  7.106
19_Jan_2017  ,  7.106
18_Jan_2017  ,  7.129
17_Jan_2017  ,  7.037
16_Jan_2017  ,  7.044
13_Jan_2017  ,  7.006
12_Jan_2017  ,  6.929
11_Jan_2017  ,  6.918
10_Jan_2017  ,  6.918
9_Jan_2017  ,  6.954
6_Jan_2017  ,  6.843
5_Jan_2017  ,  6.811
4_Jan_2017  ,  6.714
3_Jan_2017  ,  6.954
2_Jan_2017  ,  7.132
30_Dec_2016  ,  7.133
29_Dec_2016  ,  7.144
28_Dec_2016  ,  7.144
27_Dec_2016  ,  7.247
23_Dec_2016  ,  7.187
22_Dec_2016  ,  7.23
21_Dec_2016  ,  7.243
20_Dec_2016  ,  7.24
19_Dec_2016  ,  7.241
16_Dec_2016  ,  7.288
15_Dec_2016  ,  7.385
14_Dec_2016  ,  7.078
13_Dec_2016  ,  6.766
12_Dec_2016  ,  6.73
9_Dec_2016  ,  6.686
8_Dec_2016  ,  6.663
7_Dec_2016  ,  6.715
6_Dec_2016  ,  6.708
5_Dec_2016  ,  6.587
2_Dec_2016  ,  6.521
1_Dec_2016  ,  6.543
30_Nov_2016  ,  6.567
29_Nov_2016  ,  6.946
28_Nov_2016  ,  7.002
25_Nov_2016  ,  6.991
24_Nov_2016  ,  6.934
23_Nov_2016  ,  6.906
22_Nov_2016  ,  6.938
21_Nov_2016  ,  6.977
18_Nov_2016  ,  7.109
17_Nov_2016  ,  7.318
16_Nov_2016  ,  7.444
15_Nov_2016  ,  7.386
14_Nov_2016  ,  7.41
11_Nov_2016  ,  7.332
10_Nov_2016  ,  7.283
9_Nov_2016  ,  7.334
8_Nov_2016  ,  7.322
7_Nov_2016  ,  7.46
4_Nov_2016  ,  7.79
3_Nov_2016  ,  7.857
2_Nov_2016  ,  7.948
1_Nov_2016  ,  8.153
31_Oct_2016  ,  8.337
28_Oct_2016  ,  8.323
27_Oct_2016  ,  8.345
26_Oct_2016  ,  8.402
25_Oct_2016  ,  8.405
24_Oct_2016  ,  8.425
21_Oct_2016  ,  8.441
20_Oct_2016  ,  8.51
19_Oct_2016  ,  8.441
18_Oct_2016  ,  8.501
17_Oct_2016  ,  8.408
15_Oct_2016  ,  8.518
14_Oct_2016  ,  8.479
13_Oct_2016  ,  8.392
12_Oct_2016  ,  8.292
11_Oct_2016  ,  8.271
10_Oct_2016  ,  8.254
8_Oct_2016  ,  8.292
7_Oct_2016  ,  8.295
6_Oct_2016  ,  8.261
5_Oct_2016  ,  8.259
4_Oct_2016  ,  8.306
3_Oct_2016  ,  8.279
1_Oct_2016  ,  8.282
30_Sep_2016  ,  8.27
29_Sep_2016  ,  8.255
28_Sep_2016  ,  8.293
27_Sep_2016  ,  8.419
26_Sep_2016  ,  8.398
25_Sep_2016  ,  8.389
24_Sep_2016  ,  8.389
23_Sep_2016  ,  8.423
22_Sep_2016  ,  8.427
21_Sep_2016  ,  8.479
20_Sep_2016  ,  8.493
19_Sep_2016  ,  8.73
17_Sep_2016  ,  8.55
16_Sep_2016  ,  8.669
15_Sep_2016  ,  8.696
14_Sep_2016  ,  8.518
13_Sep_2016  ,  8.383
12_Sep_2016  ,  8.355
11_Sep_2016  ,  8.353
10_Sep_2016  ,  8.353
9_Sep_2016  ,  8.278
8_Sep_2016  ,  8.252
7_Sep_2016  ,  8.222
6_Sep_2016  ,  8.206
5_Sep_2016  ,  8.219
3_Sep_2016  ,  8.219
2_Sep_2016  ,  8.213
1_Sep_2016  ,  8.131
31_Aug_2016  ,  8.093
30_Aug_2016  ,  8.078
29_Aug_2016  ,  8.191
28_Aug_2016  ,  8.191
27_Aug_2016  ,  8.188
26_Aug_2016  ,  8.165
25_Aug_2016  ,  8.065
24_Aug_2016  ,  8.05
23_Aug_2016  ,  8.153
22_Aug_2016  ,  8.052
19_Aug_2016  ,  8.055
18_Aug_2016  ,  8.154
17_Aug_2016  ,  8.117
16_Aug_2016  ,  8.189
15_Aug_2016  ,  8.173
14_Aug_2016  ,  8.14
13_Aug_2016  ,  8.14
12_Aug_2016  ,  8.201
11_Aug_2016  ,  8.214
10_Aug_2016  ,  8.302
9_Aug_2016  ,  8.275
8_Aug_2016  ,  8.352
6_Aug_2016  ,  8.384
5_Aug_2016  ,  8.364
4_Aug_2016  ,  8.367
3_Aug_2016  ,  8.365
2_Aug_2016  ,  8.256
1_Aug_2016  ,  8.277
29_Jul_2016  ,  8.257
28_Jul_2016  ,  8.076
27_Jul_2016  ,  8.152
26_Jul_2016  ,  8.114
25_Jul_2016  ,  8.077
22_Jul_2016  ,  7.984
21_Jul_2016  ,  8.064
20_Jul_2016  ,  7.964
19_Jul_2016  ,  7.957
18_Jul_2016  ,  7.928
15_Jul_2016  ,  7.898
14_Jul_2016  ,  7.855
13_Jul_2016  ,  7.921
12_Jul_2016  ,  7.942
11_Jul_2016  ,  7.971
10_Jul_2016  ,  8.021
8_Jul_2016  ,  8.023
7_Jul_2016  ,  7.935
6_Jul_2016  ,  8.07
5_Jul_2016  ,  8.007
4_Jul_2016  ,  7.974
3_Jul_2016  ,  7.974
1_Jul_2016  ,  7.945
30_Jun_2016  ,  8.215
29_Jun_2016  ,  8.324
28_Jun_2016  ,  8.687
27_Jun_2016  ,  8.704
24_Jun_2016  ,  8.746
23_Jun_2016  ,  8.002
22_Jun_2016  ,  8.055
21_Jun_2016  ,  8.096
20_Jun_2016  ,  8.096
17_Jun_2016  ,  8.16
16_Jun_2016  ,  8.339
15_Jun_2016  ,  8.173
14_Jun_2016  ,  8.159
13_Jun_2016  ,  7.792
10_Jun_2016  ,  7.462
9_Jun_2016  ,  7.38
8_Jun_2016  ,  7.408
7_Jun_2016  ,  7.512
6_Jun_2016  ,  7.367
5_Jun_2016  ,  7.367
4_Jun_2016  ,  7.367
3_Jun_2016  ,  7.312
2_Jun_2016  ,  7.3
1_Jun_2016  ,  7.355
31_May_2016  ,  7.261
30_May_2016  ,  7.26
28_May_2016  ,  7.26
27_May_2016  ,  7.261
26_May_2016  ,  7.198
25_May_2016  ,  7.139
24_May_2016  ,  7.285
23_May_2016  ,  7.23
21_May_2016  ,  7.23
20_May_2016  ,  7.578
19_May_2016  ,  7.405
18_May_2016  ,  7.426
17_May_2016  ,  7.388
16_May_2016  ,  7.513
14_May_2016  ,  7.513
13_May_2016  ,  7.43
12_May_2016  ,  7.385
11_May_2016  ,  7.474
10_May_2016  ,  7.836
9_May_2016  ,  8.338
7_May_2016  ,  8.338
6_May_2016  ,  8.512
5_May_2016  ,  8.614
4_May_2016  ,  8.634
3_May_2016  ,  8.77
2_May_2016  ,  9.063
30_Apr_2016  ,  8.894
29_Apr_2016  ,  8.911
28_Apr_2016  ,  8.913
27_Apr_2016  ,  8.993
26_Apr_2016  ,  8.702
25_Apr_2016  ,  8.528
23_Apr_2016  ,  8.528
22_Apr_2016  ,  8.53
21_Apr_2016  ,  8.773
20_Apr_2016  ,  9.219
19_Apr_2016  ,  9.196
18_Apr_2016  ,  8.966
16_Apr_2016  ,  8.966
15_Apr_2016  ,  9.063
14_Apr_2016  ,  9.387
13_Apr_2016  ,  9.362
12_Apr_2016  ,  9.212
11_Apr_2016  ,  9.049
9_Apr_2016  ,  9.049
8_Apr_2016  ,  9.143
7_Apr_2016  ,  9.191
6_Apr_2016  ,  9.196
5_Apr_2016  ,  9.165
4_Apr_2016  ,  9.014
2_Apr_2016  ,  8.744
1_Apr_2016  ,  8.666
31_Mar_2016  ,  8.702
30_Mar_2016  ,  8.809
29_Mar_2016  ,  8.813
28_Mar_2016  ,  8.793
26_Mar_2016  ,  8.869
25_Mar_2016  ,  8.793
24_Mar_2016  ,  8.859
23_Mar_2016  ,  8.78
22_Mar_2016  ,  8.849
21_Mar_2016  ,  8.693
19_Mar_2016  ,  8.738
18_Mar_2016  ,  8.675
17_Mar_2016  ,  8.744
16_Mar_2016  ,  9.036
15_Mar_2016  ,  8.819
14_Mar_2016  ,  9.008
12_Mar_2016  ,  9.201
11_Mar_2016  ,  9.09
10_Mar_2016  ,  9.73
9_Mar_2016  ,  9.635
8_Mar_2016  ,  9.575
7_Mar_2016  ,  9.991
4_Mar_2016  ,  9.987
3_Mar_2016  ,  9.99
2_Mar_2016  ,  10.244
1_Mar_2016  ,  10.429
29_Feb_2016  ,  10.502
27_Feb_2016  ,  10.768
26_Feb_2016  ,  10.614
25_Feb_2016  ,  10.94
24_Feb_2016  ,  10.992
23_Feb_2016  ,  10.892
22_Feb_2016  ,  10.884
20_Feb_2016  ,  10.913
19_Feb_2016  ,  10.869
18_Feb_2016  ,  10.682
17_Feb_2016  ,  11.21
16_Feb_2016  ,  11.311
15_Feb_2016  ,  11.298
14_Feb_2016  ,  11.587
13_Feb_2016  ,  11.706
12_Feb_2016  ,  11.618
11_Feb_2016  ,  11.632
10_Feb_2016  ,  11.19
9_Feb_2016  ,  10.942
8_Feb_2016  ,  10.356
6_Feb_2016  ,  9.815
5_Feb_2016  ,  9.773
4_Feb_2016  ,  9.774
3_Feb_2016  ,  9.543
2_Feb_2016  ,  9.591
1_Feb_2016  ,  9.562
30_Jan_2016  ,  9.804
29_Jan_2016  ,  9.715
28_Jan_2016  ,  9.666
27_Jan_2016  ,  9.901
26_Jan_2016  ,  9.652
25_Jan_2016  ,  9.65
23_Jan_2016  ,  9.693
22_Jan_2016  ,  9.648
21_Jan_2016  ,  10.28
20_Jan_2016  ,  10.005
19_Jan_2016  ,  9.341
18_Jan_2016  ,  9.097
16_Jan_2016  ,  8.677
15_Jan_2016  ,  8.724
14_Jan_2016  ,  8.722
13_Jan_2016  ,  8.572
12_Jan_2016  ,  8.53
11_Jan_2016  ,  8.528
10_Jan_2016  ,  8.797
9_Jan_2016  ,  8.797
8_Jan_2016  ,  8.705
7_Jan_2016  ,  8.703
6_Jan_2016  ,  8.529
5_Jan_2016  ,  8.528
4_Jan_2016  ,  8.187
2_Jan_2016  ,  8.226
1_Jan_2016  ,  8.226
31_Dec_2015  ,  8.393
30_Dec_2015  ,  8.347
29_Dec_2015  ,  8.306
28_Dec_2015  ,  8.219
26_Dec_2015  ,  8.226
25_Dec_2015  ,  8.226
24_Dec_2015  ,  8.383
23_Dec_2015  ,  8.277
22_Dec_2015  ,  8.245
21_Dec_2015  ,  8.187
19_Dec_2015  ,  8.224
18_Dec_2015  ,  8.186
17_Dec_2015  ,  8.21
16_Dec_2015  ,  8.407
15_Dec_2015  ,  8.571
14_Dec_2015  ,  8.598
12_Dec_2015  ,  8.457
11_Dec_2015  ,  8.542
10_Dec_2015  ,  8.477
9_Dec_2015  ,  8.618
8_Dec_2015  ,  8.716
7_Dec_2015  ,  8.432
6_Dec_2015  ,  8.432
5_Dec_2015  ,  8.432
4_Dec_2015  ,  8.108
3_Dec_2015  ,  7.965
2_Dec_2015  ,  7.776
1_Dec_2015  ,  7.677
30_Nov_2015  ,  7.503
28_Nov_2015  ,  7.503
27_Nov_2015  ,  7.383
26_Nov_2015  ,  7.373
25_Nov_2015  ,  7.467
24_Nov_2015  ,  7.585
23_Nov_2015  ,  7.497
22_Nov_2015  ,  7.178
21_Nov_2015  ,  7.178
20_Nov_2015  ,  7.238
19_Nov_2015  ,  7.151
18_Nov_2015  ,  7.262
17_Nov_2015  ,  7.13
16_Nov_2015  ,  7.343
14_Nov_2015  ,  7.345
13_Nov_2015  ,  7.39
12_Nov_2015  ,  7.465
11_Nov_2015  ,  7.734
10_Nov_2015  ,  7.813
9_Nov_2015  ,  7.86
7_Nov_2015  ,  7.811
6_Nov_2015  ,  7.827
5_Nov_2015  ,  7.857
4_Nov_2015  ,  7.875
3_Nov_2015  ,  7.964
2_Nov_2015  ,  8.011
31_Oct_2015  ,  7.852
30_Oct_2015  ,  7.938
29_Oct_2015  ,  7.855
28_Oct_2015  ,  7.843
27_Oct_2015  ,  7.81
26_Oct_2015  ,  7.65
24_Oct_2015  ,  7.627
23_Oct_2015  ,  7.648
22_Oct_2015  ,  7.731
21_Oct_2015  ,  7.665
20_Oct_2015  ,  7.663
19_Oct_2015  ,  7.684
18_Oct_2015  ,  7.887
17_Oct_2015  ,  7.887
16_Oct_2015  ,  7.874
15_Oct_2015  ,  8.064
14_Oct_2015  ,  7.999
13_Oct_2015  ,  7.972
12_Oct_2015  ,  7.911
11_Oct_2015  ,  7.748
10_Oct_2015  ,  7.748
9_Oct_2015  ,  7.859
8_Oct_2015  ,  7.809
7_Oct_2015  ,  7.774
6_Oct_2015  ,  8.0
5_Oct_2015  ,  8.257
3_Oct_2015  ,  8.224
2_Oct_2015  ,  8.296
1_Oct_2015  ,  8.294
30_Sep_2015  ,  8.462
29_Sep_2015  ,  8.494
28_Sep_2015  ,  8.404
27_Sep_2015  ,  8.529
26_Sep_2015  ,  8.529
25_Sep_2015  ,  8.476
24_Sep_2015  ,  8.472
23_Sep_2015  ,  8.385
22_Sep_2015  ,  8.291
21_Sep_2015  ,  8.208
19_Sep_2015  ,  8.509
18_Sep_2015  ,  8.411
17_Sep_2015  ,  8.566
16_Sep_2015  ,  8.73
15_Sep_2015  ,  8.889
14_Sep_2015  ,  8.834
12_Sep_2015  ,  8.628
11_Sep_2015  ,  8.839
10_Sep_2015  ,  8.608
9_Sep_2015  ,  8.603
8_Sep_2015  ,  8.918
7_Sep_2015  ,  9.116
6_Sep_2015  ,  9.093
5_Sep_2015  ,  9.093
4_Sep_2015  ,  9.216
3_Sep_2015  ,  9.393
2_Sep_2015  ,  9.628
1_Sep_2015  ,  9.221
31_Aug_2015  ,  9.288
29_Aug_2015  ,  9.071
28_Aug_2015  ,  9.26
27_Aug_2015  ,  9.127
26_Aug_2015  ,  9.409
25_Aug_2015  ,  9.636
24_Aug_2015  ,  9.951
22_Aug_2015  ,  10.084
21_Aug_2015  ,  10.158
20_Aug_2015  ,  9.434
19_Aug_2015  ,  9.424
18_Aug_2015  ,  9.222
17_Aug_2015  ,  9.085
15_Aug_2015  ,  9.527
14_Aug_2015  ,  9.651
13_Aug_2015  ,  10.154
12_Aug_2015  ,  10.22
11_Aug_2015  ,  10.221
10_Aug_2015  ,  11.37
8_Aug_2015  ,  11.962
7_Aug_2015  ,  11.965
6_Aug_2015  ,  11.938
5_Aug_2015  ,  11.843
4_Aug_2015  ,  11.858
3_Aug_2015  ,  12.058
2_Aug_2015  ,  12.131
1_Aug_2015  ,  12.206
31_Jul_2015  ,  12.109
30_Jul_2015  ,  12.27
29_Jul_2015  ,  12.441
28_Jul_2015  ,  11.899
27_Jul_2015  ,  11.645
25_Jul_2015  ,  11.493
24_Jul_2015  ,  11.503
23_Jul_2015  ,  11.823
22_Jul_2015  ,  11.804
21_Jul_2015  ,  11.605
20_Jul_2015  ,  11.233
18_Jul_2015  ,  11.198
17_Jul_2015  ,  11.151
16_Jul_2015  ,  11.697
15_Jul_2015  ,  12.646
14_Jul_2015  ,  12.529
13_Jul_2015  ,  12.011
11_Jul_2015  ,  13.734
10_Jul_2015  ,  13.658
9_Jul_2015  ,  19.442
8_Jul_2015  ,  19.278
7_Jul_2015  ,  18.271
6_Jul_2015  ,  18.285
4_Jul_2015  ,  14.877
3_Jul_2015  ,  14.85
2_Jul_2015  ,  14.814
1_Jul_2015  ,  15.409
30_Jun_2015  ,  15.406
29_Jun_2015  ,  14.671
27_Jun_2015  ,  11.197
26_Jun_2015  ,  10.86
25_Jun_2015  ,  10.963
24_Jun_2015  ,  10.603
23_Jun_2015  ,  10.547
22_Jun_2015  ,  11.191
21_Jun_2015  ,  12.41
20_Jun_2015  ,  12.41
19_Jun_2015  ,  12.586
18_Jun_2015  ,  13.038
17_Jun_2015  ,  13.029
16_Jun_2015  ,  12.911
15_Jun_2015  ,  12.249
13_Jun_2015  ,  11.819
12_Jun_2015  ,  11.588
11_Jun_2015  ,  11.405
10_Jun_2015  ,  11.641
9_Jun_2015  ,  11.562
8_Jun_2015  ,  11.381
7_Jun_2015  ,  11.212
6_Jun_2015  ,  11.212
5_Jun_2015  ,  11.402
4_Jun_2015  ,  10.689
3_Jun_2015  ,  10.932
2_Jun_2015  ,  11.314
1_Jun_2015  ,  11.62
30_May_2015  ,  11.172
29_May_2015  ,  11.172
28_May_2015  ,  11.09
27_May_2015  ,  11.604
26_May_2015  ,  11.894
25_May_2015  ,  11.894
23_May_2015  ,  11.894
22_May_2015  ,  11.387
21_May_2015  ,  11.233
20_May_2015  ,  11.128
19_May_2015  ,  11.17
18_May_2015  ,  11.454
16_May_2015  ,  11.454
15_May_2015  ,  10.621
14_May_2015  ,  10.512
13_May_2015  ,  10.564
12_May_2015  ,  10.967
11_May_2015  ,  10.876
9_May_2015  ,  10.876
8_May_2015  ,  10.798
7_May_2015  ,  10.858
6_May_2015  ,  11.147
5_May_2015  ,  11.08
4_May_2015  ,  10.686
2_May_2015  ,  10.686
1_May_2015  ,  10.686
30_Apr_2015  ,  10.89
29_Apr_2015  ,  11.274
28_Apr_2015  ,  10.936
27_Apr_2015  ,  12.064
25_Apr_2015  ,  12.704
24_Apr_2015  ,  12.58
23_Apr_2015  ,  12.761
22_Apr_2015  ,  13.593
21_Apr_2015  ,  13.623
20_Apr_2015  ,  13.157
18_Apr_2015  ,  13.157
17_Apr_2015  ,  12.923
16_Apr_2015  ,  12.675
15_Apr_2015  ,  11.668
14_Apr_2015  ,  11.777
13_Apr_2015  ,  11.57
11_Apr_2015  ,  11.3
10_Apr_2015  ,  11.162
9_Apr_2015  ,  11.25
8_Apr_2015  ,  11.594
7_Apr_2015  ,  11.684
6_Apr_2015  ,  11.684
4_Apr_2015  ,  11.929
3_Apr_2015  ,  11.929
2_Apr_2015  ,  11.839
1_Apr_2015  ,  11.722
31_Mar_2015  ,  11.451
30_Mar_2015  ,  11.067
28_Mar_2015  ,  11.087
27_Mar_2015  ,  11.065
26_Mar_2015  ,  11.051
25_Mar_2015  ,  10.98
24_Mar_2015  ,  11.002
23_Mar_2015  ,  11.538
21_Mar_2015  ,  11.594
20_Mar_2015  ,  11.536
19_Mar_2015  ,  11.845
18_Mar_2015  ,  11.099
17_Mar_2015  ,  10.89
16_Mar_2015  ,  10.899
14_Mar_2015  ,  10.722
13_Mar_2015  ,  10.698
12_Mar_2015  ,  10.601
11_Mar_2015  ,  10.748
10_Mar_2015  ,  10.291
9_Mar_2015  ,  10.118
8_Mar_2015  ,  9.625
7_Mar_2015  ,  9.555
6_Mar_2015  ,  9.466
5_Mar_2015  ,  9.625
4_Mar_2015  ,  9.675
3_Mar_2015  ,  9.537
2_Mar_2015  ,  9.715
28_Feb_2015  ,  9.537
27_Feb_2015  ,  9.519
26_Feb_2015  ,  9.196
25_Feb_2015  ,  8.868
24_Feb_2015  ,  8.671
23_Feb_2015  ,  9.498
21_Feb_2015  ,  9.941
20_Feb_2015  ,  9.951
19_Feb_2015  ,  10.03
18_Feb_2015  ,  9.993
17_Feb_2015  ,  10.255
16_Feb_2015  ,  9.529
14_Feb_2015  ,  9.247
13_Feb_2015  ,  9.175
12_Feb_2015  ,  10.473
11_Feb_2015  ,  10.882
10_Feb_2015  ,  10.453
9_Feb_2015  ,  11.28
7_Feb_2015  ,  10.176
6_Feb_2015  ,  10.314
5_Feb_2015  ,  9.953
4_Feb_2015  ,  9.948
3_Feb_2015  ,  9.798
2_Feb_2015  ,  11.311
1_Feb_2015  ,  11.086
31_Jan_2015  ,  11.086
30_Jan_2015  ,  11.275
29_Jan_2015  ,  10.461
28_Jan_2015  ,  10.693
27_Jan_2015  ,  9.677
26_Jan_2015  ,  8.87
24_Jan_2015  ,  8.817
23_Jan_2015  ,  8.46
22_Jan_2015  ,  9.258
21_Jan_2015  ,  9.482
20_Jan_2015  ,  9.616
19_Jan_2015  ,  9.451
17_Jan_2015  ,  9.48
16_Jan_2015  ,  9.466
15_Jan_2015  ,  9.13
14_Jan_2015  ,  8.941
13_Jan_2015  ,  9.2
12_Jan_2015  ,  9.537
10_Jan_2015  ,  10.283
9_Jan_2015  ,  10.258
8_Jan_2015  ,  10.194
7_Jan_2015  ,  10.656
6_Jan_2015  ,  9.809
5_Jan_2015  ,  9.532
3_Jan_2015  ,  9.284
2_Jan_2015  ,  9.256
31_Dec_2014  ,  9.601
30_Dec_2014  ,  9.599
29_Dec_2014  ,  9.696
28_Dec_2014  ,  8.56
24_Dec_2014  ,  8.558
23_Dec_2014  ,  8.526
22_Dec_2014  ,  8.348
21_Dec_2014  ,  8.418
20_Dec_2014  ,  8.38
19_Dec_2014  ,  8.43
18_Dec_2014  ,  8.673
17_Dec_2014  ,  8.922
16_Dec_2014  ,  9.196
15_Dec_2014  ,  8.748
14_Dec_2014  ,  9.175
13_Dec_2014  ,  9.175
12_Dec_2014  ,  9.236
11_Dec_2014  ,  9.068
10_Dec_2014  ,  8.607
9_Dec_2014  ,  8.064
8_Dec_2014  ,  7.274
6_Dec_2014  ,  7.274
5_Dec_2014  ,  7.243
4_Dec_2014  ,  7.723
3_Dec_2014  ,  7.706
2_Dec_2014  ,  7.841
1_Dec_2014  ,  8.056
30_Nov_2014  ,  8.33
29_Nov_2014  ,  8.33
28_Nov_2014  ,  8.297
27_Nov_2014  ,  8.435
26_Nov_2014  ,  8.226
25_Nov_2014  ,  7.934
24_Nov_2014  ,  7.916
22_Nov_2014  ,  7.913
21_Nov_2014  ,  7.942
20_Nov_2014  ,  8.272
19_Nov_2014  ,  8.223
18_Nov_2014  ,  8.273
17_Nov_2014  ,  8.09
16_Nov_2014  ,  7.987
15_Nov_2014  ,  7.987
14_Nov_2014  ,  8.041
13_Nov_2014  ,  8.142
12_Nov_2014  ,  8.038
11_Nov_2014  ,  8.138
10_Nov_2014  ,  8.065
8_Nov_2014  ,  8.135
7_Nov_2014  ,  8.078
6_Nov_2014  ,  7.887
5_Nov_2014  ,  8.009
4_Nov_2014  ,  7.93
3_Nov_2014  ,  8.193
1_Nov_2014  ,  8.06
31_Oct_2014  ,  8.074
30_Oct_2014  ,  8.102
29_Oct_2014  ,  7.588
28_Oct_2014  ,  7.603
27_Oct_2014  ,  7.592
25_Oct_2014  ,  7.327
24_Oct_2014  ,  7.364
23_Oct_2014  ,  7.464
22_Oct_2014  ,  7.415
21_Oct_2014  ,  7.762
20_Oct_2014  ,  8.084
18_Oct_2014  ,  8.043
17_Oct_2014  ,  8.05
16_Oct_2014  ,  8.979
15_Oct_2014  ,  7.863
14_Oct_2014  ,  7.046
13_Oct_2014  ,  6.753
11_Oct_2014  ,  6.53
10_Oct_2014  ,  6.558
9_Oct_2014  ,  6.582
8_Oct_2014  ,  6.653
7_Oct_2014  ,  6.715
6_Oct_2014  ,  6.457
4_Oct_2014  ,  6.457
3_Oct_2014  ,  6.39
2_Oct_2014  ,  6.494
1_Oct_2014  ,  6.481
30_Sep_2014  ,  6.69
29_Sep_2014  ,  6.551
27_Sep_2014  ,  6.15
26_Sep_2014  ,  6.134
25_Sep_2014  ,  6.151
24_Sep_2014  ,  6.202
23_Sep_2014  ,  6.092
22_Sep_2014  ,  5.907
20_Sep_2014  ,  5.765
19_Sep_2014  ,  5.776
18_Sep_2014  ,  5.828
17_Sep_2014  ,  5.767
16_Sep_2014  ,  5.801
15_Sep_2014  ,  5.712
13_Sep_2014  ,  5.676
12_Sep_2014  ,  5.744
11_Sep_2014  ,  5.614
10_Sep_2014  ,  5.653
9_Sep_2014  ,  5.579
8_Sep_2014  ,  5.59
6_Sep_2014  ,  5.549
5_Sep_2014  ,  5.561
4_Sep_2014  ,  5.698
3_Sep_2014  ,  5.86
2_Sep_2014  ,  5.867
1_Sep_2014  ,  5.759
31_Aug_2014  ,  5.839
30_Aug_2014  ,  5.839
29_Aug_2014  ,  5.854
28_Aug_2014  ,  5.763
27_Aug_2014  ,  5.574
26_Aug_2014  ,  5.685
25_Aug_2014  ,  5.718
23_Aug_2014  ,  5.837
22_Aug_2014  ,  5.834
21_Aug_2014  ,  5.766
20_Aug_2014  ,  5.775
19_Aug_2014  ,  5.858
18_Aug_2014  ,  5.895
17_Aug_2014  ,  5.984
16_Aug_2014  ,  5.984
15_Aug_2014  ,  5.952
14_Aug_2014  ,  6.024
13_Aug_2014  ,  6.278
12_Aug_2014  ,  6.309
11_Aug_2014  ,  6.34
10_Aug_2014  ,  6.479
9_Aug_2014  ,  6.479
8_Aug_2014  ,  6.465
7_Aug_2014  ,  6.464
6_Aug_2014  ,  6.541
5_Aug_2014  ,  6.426
4_Aug_2014  ,  6.155
2_Aug_2014  ,  6.069
1_Aug_2014  ,  6.09
31_Jul_2014  ,  6.025
30_Jul_2014  ,  5.914
29_Jul_2014  ,  5.863
28_Jul_2014  ,  5.826
27_Jul_2014  ,  5.917
26_Jul_2014  ,  5.917
25_Jul_2014  ,  5.927
24_Jul_2014  ,  6.149
23_Jul_2014  ,  6.303
22_Jul_2014  ,  6.264
21_Jul_2014  ,  6.231
20_Jul_2014  ,  6.272
19_Jul_2014  ,  6.272
18_Jul_2014  ,  6.234
17_Jul_2014  ,  6.226
16_Jul_2014  ,  6.234
15_Jul_2014  ,  6.277
14_Jul_2014  ,  6.23
12_Jul_2014  ,  6.225
11_Jul_2014  ,  6.271
10_Jul_2014  ,  6.278
9_Jul_2014  ,  6.08
8_Jul_2014  ,  6.01
7_Jul_2014  ,  5.927
5_Jul_2014  ,  5.917
4_Jul_2014  ,  5.923
3_Jul_2014  ,  5.952
2_Jul_2014  ,  5.97
1_Jul_2014  ,  5.94
30_Jun_2014  ,  5.963
28_Jun_2014  ,  5.909
27_Jun_2014  ,  5.921
26_Jun_2014  ,  5.845
25_Jun_2014  ,  5.826
24_Jun_2014  ,  5.807
23_Jun_2014  ,  5.97
22_Jun_2014  ,  5.944
21_Jun_2014  ,  6.025
20_Jun_2014  ,  6.007
19_Jun_2014  ,  5.885
18_Jun_2014  ,  5.928
17_Jun_2014  ,  5.985
16_Jun_2014  ,  5.851
14_Jun_2014  ,  5.816
13_Jun_2014  ,  5.794
12_Jun_2014  ,  5.762
11_Jun_2014  ,  5.72
10_Jun_2014  ,  5.612
9_Jun_2014  ,  5.762
7_Jun_2014  ,  5.734
6_Jun_2014  ,  5.811
5_Jun_2014  ,  6.22
4_Jun_2014  ,  6.365
3_Jun_2014  ,  6.358
2_Jun_2014  ,  6.261
31_May_2014  ,  6.179
30_May_2014  ,  6.258
29_May_2014  ,  6.266
28_May_2014  ,  6.248
27_May_2014  ,  6.252
26_May_2014  ,  6.229
25_May_2014  ,  6.522
24_May_2014  ,  6.522
23_May_2014  ,  6.515
22_May_2014  ,  6.49
21_May_2014  ,  6.486
20_May_2014  ,  6.742
19_May_2014  ,  6.782
17_May_2014  ,  6.861
16_May_2014  ,  6.858
15_May_2014  ,  6.82
14_May_2014  ,  6.296
13_May_2014  ,  6.451
12_May_2014  ,  6.244
10_May_2014  ,  6.115
9_May_2014  ,  6.122
8_May_2014  ,  6.153
7_May_2014  ,  6.169
6_May_2014  ,  6.172
5_May_2014  ,  6.168
3_May_2014  ,  6.167
2_May_2014  ,  6.129
1_May_2014  ,  6.267
30_Apr_2014  ,  6.212
29_Apr_2014  ,  6.279
28_Apr_2014  ,  6.4
27_Apr_2014  ,  6.291
26_Apr_2014  ,  6.284
25_Apr_2014  ,  6.259
24_Apr_2014  ,  6.163
23_Apr_2014  ,  6.093
22_Apr_2014  ,  5.968
21_Apr_2014  ,  6.131
19_Apr_2014  ,  6.103
18_Apr_2014  ,  6.14
17_Apr_2014  ,  6.058
16_Apr_2014  ,  6.198
15_Apr_2014  ,  6.206
14_Apr_2014  ,  6.458
12_Apr_2014  ,  6.322
11_Apr_2014  ,  6.311
10_Apr_2014  ,  5.929
9_Apr_2014  ,  5.853
8_Apr_2014  ,  6.163
7_Apr_2014  ,  6.147
5_Apr_2014  ,  6.084
4_Apr_2014  ,  6.151
3_Apr_2014  ,  6.136
2_Apr_2014  ,  6.22
1_Apr_2014  ,  6.47
31_Mar_2014  ,  6.568
29_Mar_2014  ,  6.682
28_Mar_2014  ,  6.688
27_Mar_2014  ,  6.917
26_Mar_2014  ,  6.841
25_Mar_2014  ,  6.735
24_Mar_2014  ,  6.722
22_Mar_2014  ,  6.913
21_Mar_2014  ,  6.893
20_Mar_2014  ,  6.969
19_Mar_2014  ,  6.772
18_Mar_2014  ,  6.83
17_Mar_2014  ,  7.019
15_Mar_2014  ,  7.224
14_Mar_2014  ,  7.228
13_Mar_2014  ,  7.192
12_Mar_2014  ,  7.074
11_Mar_2014  ,  6.974
10_Mar_2014  ,  6.916
9_Mar_2014  ,  6.854
8_Mar_2014  ,  6.854
7_Mar_2014  ,  6.788
6_Mar_2014  ,  6.67
5_Mar_2014  ,  6.83
4_Mar_2014  ,  6.914
3_Mar_2014  ,  7.021
1_Mar_2014  ,  6.953
28_Feb_2014  ,  6.952
27_Feb_2014  ,  7.028
26_Feb_2014  ,  7.205
25_Feb_2014  ,  7.365
24_Feb_2014  ,  7.493
22_Feb_2014  ,  7.619
21_Feb_2014  ,  7.604
20_Feb_2014  ,  7.593
19_Feb_2014  ,  7.533
18_Feb_2014  ,  7.543
17_Feb_2014  ,  7.498
15_Feb_2014  ,  7.603
14_Feb_2014  ,  7.574
13_Feb_2014  ,  7.643
12_Feb_2014  ,  7.504
11_Feb_2014  ,  7.509
10_Feb_2014  ,  7.772
8_Feb_2014  ,  7.867
7_Feb_2014  ,  7.872
6_Feb_2014  ,  7.935
5_Feb_2014  ,  8.085
4_Feb_2014  ,  8.42
3_Feb_2014  ,  8.454
1_Feb_2014  ,  8.702
31_Jan_2014  ,  8.689
30_Jan_2014  ,  8.698
29_Jan_2014  ,  8.653
28_Jan_2014  ,  8.652
27_Jan_2014  ,  8.758
25_Jan_2014  ,  8.62
24_Jan_2014  ,  8.628
23_Jan_2014  ,  8.303
22_Jan_2014  ,  8.288
21_Jan_2014  ,  8.111
20_Jan_2014  ,  8.142
18_Jan_2014  ,  8.029
17_Jan_2014  ,  8.047
16_Jan_2014  ,  7.956
15_Jan_2014  ,  7.933
14_Jan_2014  ,  8.129
13_Jan_2014  ,  7.873
11_Jan_2014  ,  7.856
10_Jan_2014  ,  7.797
9_Jan_2014  ,  7.852
8_Jan_2014  ,  7.865
7_Jan_2014  ,  7.944
6_Jan_2014  ,  8.335
4_Jan_2014  ,  8.363
3_Jan_2014  ,  8.313
2_Jan_2014  ,  8.346
1_Jan_2014  ,  8.574
31_Dec_2013  ,  8.574
30_Dec_2013  ,  8.547
28_Dec_2013  ,  8.54
27_Dec_2013  ,  8.55
26_Dec_2013  ,  8.55
25_Dec_2013  ,  8.517
24_Dec_2013  ,  8.54
23_Dec_2013  ,  8.589
21_Dec_2013  ,  8.592
20_Dec_2013  ,  8.616
19_Dec_2013  ,  8.713
18_Dec_2013  ,  8.827
17_Dec_2013  ,  8.839
16_Dec_2013  ,  8.924
14_Dec_2013  ,  8.92
13_Dec_2013  ,  8.841
12_Dec_2013  ,  8.801
11_Dec_2013  ,  8.793
10_Dec_2013  ,  8.883
9_Dec_2013  ,  8.976
7_Dec_2013  ,  8.91
6_Dec_2013  ,  9.01
5_Dec_2013  ,  8.985
4_Dec_2013  ,  8.914
3_Dec_2013  ,  8.887
2_Dec_2013  ,  8.87
30_Nov_2013  ,  8.897
29_Nov_2013  ,  8.915
28_Nov_2013  ,  8.993
27_Nov_2013  ,  8.975
26_Nov_2013  ,  8.997
25_Nov_2013  ,  8.965
23_Nov_2013  ,  8.99
22_Nov_2013  ,  8.982
21_Nov_2013  ,  8.903
20_Nov_2013  ,  8.844
19_Nov_2013  ,  8.743
18_Nov_2013  ,  8.716
17_Nov_2013  ,  8.799
16_Nov_2013  ,  8.87
15_Nov_2013  ,  8.756
14_Nov_2013  ,  8.744
13_Nov_2013  ,  8.909
12_Nov_2013  ,  8.796
11_Nov_2013  ,  8.438
9_Nov_2013  ,  8.675
8_Nov_2013  ,  8.54
7_Nov_2013  ,  8.303
6_Nov_2013  ,  8.382
5_Nov_2013  ,  8.421
4_Nov_2013  ,  8.23
3_Nov_2013  ,  8.284
2_Nov_2013  ,  8.284
1_Nov_2013  ,  8.303
31_Oct_2013  ,  8.44
30_Oct_2013  ,  8.659
29_Oct_2013  ,  8.784
28_Oct_2013  ,  8.804
27_Oct_2013  ,  8.781
26_Oct_2013  ,  8.781
25_Oct_2013  ,  8.79
24_Oct_2013  ,  8.783
23_Oct_2013  ,  8.768
22_Oct_2013  ,  8.738
21_Oct_2013  ,  8.648
19_Oct_2013  ,  8.709
18_Oct_2013  ,  8.698
17_Oct_2013  ,  8.696
16_Oct_2013  ,  8.6
15_Oct_2013  ,  8.641
14_Oct_2013  ,  8.871
12_Oct_2013  ,  8.983
11_Oct_2013  ,  9.002
10_Oct_2013  ,  9.246
9_Oct_2013  ,  9.495
8_Oct_2013  ,  9.549
7_Oct_2013  ,  9.499
6_Oct_2013  ,  9.502
5_Oct_2013  ,  9.522
4_Oct_2013  ,  9.514
3_Oct_2013  ,  9.634
2_Oct_2013  ,  9.54
1_Oct_2013  ,  9.465
30_Sep_2013  ,  9.802
29_Sep_2013  ,  9.952
28_Sep_2013  ,  9.952
27_Sep_2013  ,  9.939
26_Sep_2013  ,  10.139
25_Sep_2013  ,  10.132
24_Sep_2013  ,  10.335
23_Sep_2013  ,  10.365
22_Sep_2013  ,  10.269
21_Sep_2013  ,  10.269
20_Sep_2013  ,  10.383
19_Sep_2013  ,  10.58
18_Sep_2013  ,  10.39
17_Sep_2013  ,  10.394
16_Sep_2013  ,  10.426
15_Sep_2013  ,  10.378
14_Sep_2013  ,  10.378
13_Sep_2013  ,  10.43
12_Sep_2013  ,  10.348
11_Sep_2013  ,  10.308
10_Sep_2013  ,  10.43
9_Sep_2013  ,  10.627
8_Sep_2013  ,  10.485
7_Sep_2013  ,  10.485
6_Sep_2013  ,  10.594
5_Sep_2013  ,  10.618
4_Sep_2013  ,  10.538
3_Sep_2013  ,  10.41
2_Sep_2013  ,  10.412
1_Sep_2013  ,  10.31
31_Aug_2013  ,  10.31
30_Aug_2013  ,  10.405
29_Aug_2013  ,  10.426
28_Aug_2013  ,  10.379
27_Aug_2013  ,  10.355
26_Aug_2013  ,  10.113
24_Aug_2013  ,  10.148
23_Aug_2013  ,  10.118
22_Aug_2013  ,  10.276
21_Aug_2013  ,  10.111
20_Aug_2013  ,  9.954
19_Aug_2013  ,  9.75
17_Aug_2013  ,  9.717
16_Aug_2013  ,  9.719
15_Aug_2013  ,  9.706
14_Aug_2013  ,  9.714
13_Aug_2013  ,  9.699
12_Aug_2013  ,  9.835
11_Aug_2013  ,  9.746
10_Aug_2013  ,  9.746
9_Aug_2013  ,  9.797
8_Aug_2013  ,  9.878
7_Aug_2013  ,  9.919
6_Aug_2013  ,  9.915
5_Aug_2013  ,  9.97
3_Aug_2013  ,  9.985
2_Aug_2013  ,  9.943
1_Aug_2013  ,  9.954
31_Jul_2013  ,  10.088
30_Jul_2013  ,  10.117
29_Jul_2013  ,  10.081
27_Jul_2013  ,  10.141
26_Jul_2013  ,  10.083
25_Jul_2013  ,  10.242
24_Jul_2013  ,  10.275
23_Jul_2013  ,  10.224
22_Jul_2013  ,  10.263
20_Jul_2013  ,  10.303
19_Jul_2013  ,  10.226
18_Jul_2013  ,  10.247
17_Jul_2013  ,  10.423
16_Jul_2013  ,  10.462
15_Jul_2013  ,  10.549
13_Jul_2013  ,  10.934
12_Jul_2013  ,  10.751
11_Jul_2013  ,  11.124
10_Jul_2013  ,  11.177
9_Jul_2013  ,  11.005
8_Jul_2013  ,  10.966
6_Jul_2013  ,  11.428
5_Jul_2013  ,  11.211
4_Jul_2013  ,  11.705
3_Jul_2013  ,  11.678
2_Jul_2013  ,  11.184
1_Jul_2013  ,  10.999
29_Jun_2013  ,  11.016
28_Jun_2013  ,  11.123
27_Jun_2013  ,  10.615
26_Jun_2013  ,  11.149
25_Jun_2013  ,  11.486
24_Jun_2013  ,  11.637
23_Jun_2013  ,  11.311
22_Jun_2013  ,  11.311
21_Jun_2013  ,  11.347
20_Jun_2013  ,  10.555
19_Jun_2013  ,  10.188
18_Jun_2013  ,  10.093
17_Jun_2013  ,  10.039
16_Jun_2013  ,  9.942
15_Jun_2013  ,  9.942
14_Jun_2013  ,  10.014
13_Jun_2013  ,  10.286
12_Jun_2013  ,  10.129
11_Jun_2013  ,  10.42
10_Jun_2013  ,  9.516
8_Jun_2013  ,  9.429
7_Jun_2013  ,  9.541
6_Jun_2013  ,  9.222
5_Jun_2013  ,  9.085
4_Jun_2013  ,  9.082
3_Jun_2013  ,  9.353
1_Jun_2013  ,  9.376
31_May_2013  ,  9.438
30_May_2013  ,  9.089
29_May_2013  ,  8.817
28_May_2013  ,  8.622
27_May_2013  ,  8.951
25_May_2013  ,  8.861
24_May_2013  ,  8.877
23_May_2013  ,  8.801
22_May_2013  ,  8.188
21_May_2013  ,  8.226
20_May_2013  ,  8.184
18_May_2013  ,  8.313
17_May_2013  ,  8.209
16_May_2013  ,  8.72
15_May_2013  ,  8.729
14_May_2013  ,  9.392
13_May_2013  ,  9.715
11_May_2013  ,  9.634
10_May_2013  ,  9.661
9_May_2013  ,  9.666
8_May_2013  ,  9.764
7_May_2013  ,  9.802
6_May_2013  ,  9.92
4_May_2013  ,  9.92
3_May_2013  ,  9.84
2_May_2013  ,  10.508
1_May_2013  ,  11.092
30_Apr_2013  ,  11.131
29_Apr_2013  ,  11.248
27_Apr_2013  ,  11.486
26_Apr_2013  ,  11.486
25_Apr_2013  ,  11.441
24_Apr_2013  ,  11.274
23_Apr_2013  ,  11.328
22_Apr_2013  ,  11.432
20_Apr_2013  ,  11.671
19_Apr_2013  ,  11.463
18_Apr_2013  ,  11.471
17_Apr_2013  ,  11.39
16_Apr_2013  ,  11.447
15_Apr_2013  ,  11.417
13_Apr_2013  ,  11.385
12_Apr_2013  ,  11.428
11_Apr_2013  ,  11.383
10_Apr_2013  ,  11.366
9_Apr_2013  ,  11.53
8_Apr_2013  ,  12.058
6_Apr_2013  ,  12.173
5_Apr_2013  ,  12.287
4_Apr_2013  ,  12.077
3_Apr_2013  ,  12.097
2_Apr_2013  ,  12.341
30_Mar_2013  ,  12.475
29_Mar_2013  ,  12.439
28_Mar_2013  ,  12.644
27_Mar_2013  ,  13.027
26_Mar_2013  ,  11.973
25_Mar_2013  ,  11.562
23_Mar_2013  ,  11.83
22_Mar_2013  ,  11.9
21_Mar_2013  ,  11.612
20_Mar_2013  ,  11.847
19_Mar_2013  ,  11.722
18_Mar_2013  ,  11.205
17_Mar_2013  ,  10.82
16_Mar_2013  ,  10.82
15_Mar_2013  ,  10.785
14_Mar_2013  ,  10.738
13_Mar_2013  ,  10.738
12_Mar_2013  ,  10.675
11_Mar_2013  ,  10.658
9_Mar_2013  ,  10.578
8_Mar_2013  ,  10.738
7_Mar_2013  ,  10.832
6_Mar_2013  ,  10.926
5_Mar_2013  ,  11.061
4_Mar_2013  ,  11.176
2_Mar_2013  ,  10.96
1_Mar_2013  ,  11.058
28_Feb_2013  ,  11.051
27_Feb_2013  ,  11.449
26_Feb_2013  ,  11.098
25_Feb_2013  ,  11.026
23_Feb_2013  ,  11.074
22_Feb_2013  ,  11.07
21_Feb_2013  ,  11.118
20_Feb_2013  ,  11.089
19_Feb_2013  ,  11.007
18_Feb_2013  ,  11.005
17_Feb_2013  ,  10.854
16_Feb_2013  ,  10.854
15_Feb_2013  ,  10.924
14_Feb_2013  ,  10.743
13_Feb_2013  ,  10.917
12_Feb_2013  ,  11.248
11_Feb_2013  ,  11.122
10_Feb_2013  ,  10.876
9_Feb_2013  ,  10.941
8_Feb_2013  ,  10.819
7_Feb_2013  ,  10.883
6_Feb_2013  ,  10.865
5_Feb_2013  ,  10.957
4_Feb_2013  ,  10.908
2_Feb_2013  ,  10.693
1_Feb_2013  ,  10.764
31_Jan_2013  ,  10.824
30_Jan_2013  ,  10.453
29_Jan_2013  ,  10.149
28_Jan_2013  ,  10.349
26_Jan_2013  ,  10.291
25_Jan_2013  ,  10.377
24_Jan_2013  ,  10.618
23_Jan_2013  ,  10.604
22_Jan_2013  ,  10.48
21_Jan_2013  ,  10.525
19_Jan_2013  ,  11.026
18_Jan_2013  ,  11.291
17_Jan_2013  ,  11.651
16_Jan_2013  ,  11.751
15_Jan_2013  ,  11.777
14_Jan_2013  ,  11.752
13_Jan_2013  ,  11.791
12_Jan_2013  ,  11.791
11_Jan_2013  ,  11.809
10_Jan_2013  ,  11.784
9_Jan_2013  ,  11.516
8_Jan_2013  ,  11.267
7_Jan_2013  ,  11.286
5_Jan_2013  ,  11.305
4_Jan_2013  ,  11.379
3_Jan_2013  ,  11.547
2_Jan_2013  ,  11.9
1_Jan_2013  ,  11.922
31_Dec_2012  ,  11.922
30_Dec_2012  ,  11.985
29_Dec_2012  ,  11.985
28_Dec_2012  ,  11.989
27_Dec_2012  ,  11.956
26_Dec_2012  ,  12.015
25_Dec_2012  ,  12.015
24_Dec_2012  ,  12.015
23_Dec_2012  ,  11.943
22_Dec_2012  ,  11.943
21_Dec_2012  ,  11.904
20_Dec_2012  ,  11.732
19_Dec_2012  ,  11.469
18_Dec_2012  ,  12.884
17_Dec_2012  ,  13.085
15_Dec_2012  ,  13.055
14_Dec_2012  ,  13.159
13_Dec_2012  ,  13.056
12_Dec_2012  ,  12.668
11_Dec_2012  ,  13.38
10_Dec_2012  ,  14.052
8_Dec_2012  ,  15.178
7_Dec_2012  ,  14.55
6_Dec_2012  ,  15.164
5_Dec_2012  ,  15.222
4_Dec_2012  ,  15.021
3_Dec_2012  ,  14.705
1_Dec_2012  ,  16.228
30_Nov_2012  ,  16.149
29_Nov_2012  ,  16.476
28_Nov_2012  ,  16.529
27_Nov_2012  ,  16.325
26_Nov_2012  ,  16.623
24_Nov_2012  ,  16.542
23_Nov_2012  ,  16.491
22_Nov_2012  ,  16.423
21_Nov_2012  ,  16.821
20_Nov_2012  ,  17.172
19_Nov_2012  ,  17.303
17_Nov_2012  ,  17.441
16_Nov_2012  ,  17.443
15_Nov_2012  ,  17.681
14_Nov_2012  ,  17.721
13_Nov_2012  ,  17.729
12_Nov_2012  ,  17.958
10_Nov_2012  ,  18.026
9_Nov_2012  ,  18.018
8_Nov_2012  ,  17.688
7_Nov_2012  ,  16.895
6_Nov_2012  ,  17.231
5_Nov_2012  ,  18.087
3_Nov_2012  ,  18.095
2_Nov_2012  ,  18.13
1_Nov_2012  ,  18.17
31_Oct_2012  ,  17.628
30_Oct_2012  ,  17.608
29_Oct_2012  ,  17.455
27_Oct_2012  ,  17.342
26_Oct_2012  ,  17.131
25_Oct_2012  ,  17.012
24_Oct_2012  ,  17.127
23_Oct_2012  ,  16.839
22_Oct_2012  ,  16.346
19_Oct_2012  ,  16.538
18_Oct_2012  ,  17.437
17_Oct_2012  ,  17.519
16_Oct_2012  ,  17.477
15_Oct_2012  ,  17.48
13_Oct_2012  ,  17.985
12_Oct_2012  ,  18.191
11_Oct_2012  ,  18.445
10_Oct_2012  ,  18.296
9_Oct_2012  ,  18.269
8_Oct_2012  ,  18.337
6_Oct_2012  ,  18.455
5_Oct_2012  ,  18.277
4_Oct_2012  ,  19.073
3_Oct_2012  ,  19.205
2_Oct_2012  ,  19.247
1_Oct_2012  ,  19.337
29_Sep_2012  ,  19.65
28_Sep_2012  ,  19.483
27_Sep_2012  ,  19.919
26_Sep_2012  ,  19.737
25_Sep_2012  ,  19.462
24_Sep_2012  ,  19.552
23_Sep_2012  ,  20.183
22_Sep_2012  ,  20.183
21_Sep_2012  ,  20.095
20_Sep_2012  ,  20.508
19_Sep_2012  ,  20.312
18_Sep_2012  ,  20.749
17_Sep_2012  ,  20.86
15_Sep_2012  ,  21.11
14_Sep_2012  ,  20.835
13_Sep_2012  ,  20.691
12_Sep_2012  ,  20.808
11_Sep_2012  ,  21.841
10_Sep_2012  ,  21.851
8_Sep_2012  ,  21.8
7_Sep_2012  ,  21.675
6_Sep_2012  ,  21.797
5_Sep_2012  ,  22.017
4_Sep_2012  ,  21.87
3_Sep_2012  ,  22.936
1_Sep_2012  ,  23.381
31_Aug_2012  ,  23.417
30_Aug_2012  ,  23.993
29_Aug_2012  ,  23.912
28_Aug_2012  ,  23.854
27_Aug_2012  ,  23.924
25_Aug_2012  ,  24.235
24_Aug_2012  ,  24.001
23_Aug_2012  ,  23.856
22_Aug_2012  ,  23.847
21_Aug_2012  ,  24.213
20_Aug_2012  ,  24.388
18_Aug_2012  ,  24.471
17_Aug_2012  ,  24.364
16_Aug_2012  ,  24.541
15_Aug_2012  ,  24.5
14_Aug_2012  ,  24.436
13_Aug_2012  ,  24.293
11_Aug_2012  ,  24.636
10_Aug_2012  ,  24.504
9_Aug_2012  ,  24.532
8_Aug_2012  ,  24.713
7_Aug_2012  ,  24.72
6_Aug_2012  ,  25.579
5_Aug_2012  ,  25.755
4_Aug_2012  ,  25.755
3_Aug_2012  ,  25.951
2_Aug_2012  ,  25.945
1_Aug_2012  ,  26.176
31_Jul_2012  ,  25.505
30_Jul_2012  ,  25.363
28_Jul_2012  ,  26.291
27_Jul_2012  ,  26.388
26_Jul_2012  ,  27.399
25_Jul_2012  ,  27.34
24_Jul_2012  ,  27.915
23_Jul_2012  ,  27.799
21_Jul_2012  ,  27.799
20_Jul_2012  ,  25.727
19_Jul_2012  ,  25.089
18_Jul_2012  ,  24.398
17_Jul_2012  ,  24.216
16_Jul_2012  ,  24.586
14_Jul_2012  ,  24.586
13_Jul_2012  ,  24.88
12_Jul_2012  ,  24.874
11_Jul_2012  ,  25.4
10_Jul_2012  ,  25.337
9_Jul_2012  ,  25.791
8_Jul_2012  ,  26.213
7_Jul_2012  ,  26.213
6_Jul_2012  ,  25.692
5_Jul_2012  ,  25.266
4_Jul_2012  ,  26.297
3_Jul_2012  ,  25.944
2_Jul_2012  ,  25.427
1_Jul_2012  ,  25.885
30_Jun_2012  ,  25.885
29_Jun_2012  ,  26.402
28_Jun_2012  ,  26.882
27_Jun_2012  ,  26.913
26_Jun_2012  ,  27.056
25_Jun_2012  ,  26.979
24_Jun_2012  ,  26.979
22_Jun_2012  ,  26.929
21_Jun_2012  ,  26.567
20_Jun_2012  ,  26.69
19_Jun_2012  ,  26.381
18_Jun_2012  ,  26.194
17_Jun_2012  ,  26.194
16_Jun_2012  ,  26.194
15_Jun_2012  ,  27.734
14_Jun_2012  ,  29.022
13_Jun_2012  ,  29.184
12_Jun_2012  ,  29.649
11_Jun_2012  ,  28.907
10_Jun_2012  ,  28.907
8_Jun_2012  ,  29.139
7_Jun_2012  ,  28.901
6_Jun_2012  ,  28.78
5_Jun_2012  ,  30.567
4_Jun_2012  ,  30.007
3_Jun_2012  ,  30.541
1_Jun_2012  ,  30.564
31_May_2012  ,  30.193
30_May_2012  ,  29.881
29_May_2012  ,  29.546
28_May_2012  ,  29.476
27_May_2012  ,  29.476
26_May_2012  ,  29.476
25_May_2012  ,  29.677
24_May_2012  ,  29.928
23_May_2012  ,  29.823
22_May_2012  ,  29.388
21_May_2012  ,  29.005
20_May_2012  ,  29.005
19_May_2012  ,  29.005
18_May_2012  ,  29.272
17_May_2012  ,  29.243
16_May_2012  ,  29.347
15_May_2012  ,  29.452
14_May_2012  ,  27.728
13_May_2012  ,  27.728
11_May_2012  ,  24.604
10_May_2012  ,  24.548
9_May_2012  ,  23.525
8_May_2012  ,  23.349
7_May_2012  ,  20.9
6_May_2012  ,  20.735
5_May_2012  ,  20.735
4_May_2012  ,  20.777
3_May_2012  ,  20.81
2_May_2012  ,  20.561
1_May_2012  ,  20.379
30_Apr_2012  ,  20.645
29_Apr_2012  ,  20.645
27_Apr_2012  ,  21.136
26_Apr_2012  ,  21.362
25_Apr_2012  ,  21.573
24_Apr_2012  ,  21.663
23_Apr_2012  ,  21.793
22_Apr_2012  ,  21.793
21_Apr_2012  ,  21.793
20_Apr_2012  ,  21.658
19_Apr_2012  ,  21.483
18_Apr_2012  ,  21.434
17_Apr_2012  ,  21.32
16_Apr_2012  ,  21.022
15_Apr_2012  ,  21.022
14_Apr_2012  ,  21.022
13_Apr_2012  ,  21.114
12_Apr_2012  ,  21.167
11_Apr_2012  ,  21.612
10_Apr_2012  ,  22.122
9_Apr_2012  ,  22.122
8_Apr_2012  ,  22.308
7_Apr_2012  ,  22.308
6_Apr_2012  ,  22.308
5_Apr_2012  ,  21.98
4_Apr_2012  ,  21.869
3_Apr_2012  ,  21.31
2_Apr_2012  ,  20.964
1_Apr_2012  ,  20.964
31_Mar_2012  ,  20.964
30_Mar_2012  ,  21.097
29_Mar_2012  ,  20.486
28_Mar_2012  ,  20.077
27_Mar_2012  ,  20.155
26_Mar_2012  ,  20.586
25_Mar_2012  ,  20.586
24_Mar_2012  ,  20.586
23_Mar_2012  ,  20.236
22_Mar_2012  ,  18.494
21_Mar_2012  ,  18.064
20_Mar_2012  ,  18.086
19_Mar_2012  ,  18.108
18_Mar_2012  ,  18.108
17_Mar_2012  ,  18.108
16_Mar_2012  ,  18.274
15_Mar_2012  ,  18.323
14_Mar_2012  ,  18.707
13_Mar_2012  ,  19.167
12_Mar_2012  ,  19.053
11_Mar_2012  ,  38.967
10_Mar_2012  ,  38.967
9_Mar_2012  ,  38.967
8_Mar_2012  ,  39.85
7_Mar_2012  ,  38.119
6_Mar_2012  ,  38.2
5_Mar_2012  ,  36.629
4_Mar_2012  ,  36.718
3_Mar_2012  ,  36.718
2_Mar_2012  ,  35.891
1_Mar_2012  ,  36.094
29_Feb_2012  ,  36.591
28_Feb_2012  ,  35.82
27_Feb_2012  ,  35.791
25_Feb_2012  ,  35.791
24_Feb_2012  ,  37.26
23_Feb_2012  ,  36.129
22_Feb_2012  ,  35.666
21_Feb_2012  ,  35.101
20_Feb_2012  ,  34.95
19_Feb_2012  ,  34.912
18_Feb_2012  ,  39.859
17_Feb_2012  ,  35.718
16_Feb_2012  ,  34.973
15_Feb_2012  ,  34.446
14_Feb_2012  ,  34.018
13_Feb_2012  ,  34.729
10_Feb_2012  ,  33.509
9_Feb_2012  ,  34.104
8_Feb_2012  ,  34.338
7_Feb_2012  ,  34.088
6_Feb_2012  ,  34.111
3_Feb_2012  ,  34.371
2_Feb_2012  ,  34.28
1_Feb_2012  ,  34.309
31_Jan_2012  ,  34.318
30_Jan_2012  ,  34.262
27_Jan_2012  ,  33.089
26_Jan_2012  ,  34.382
25_Jan_2012  ,  34.901
24_Jan_2012  ,  34.633
23_Jan_2012  ,  35.522
20_Jan_2012  ,  37.163
19_Jan_2012  ,  34.569
18_Jan_2012  ,  34.297
17_Jan_2012  ,  34.251
16_Jan_2012  ,  34.277
13_Jan_2012  ,  34.252
12_Jan_2012  ,  34.448
11_Jan_2012  ,  34.183
10_Jan_2012  ,  34.273
9_Jan_2012  ,  34.327
6_Jan_2012  ,  34.327
5_Jan_2012  ,  34.322
4_Jan_2012  ,  34.244
3_Jan_2012  ,  33.97
2_Jan_2012  ,  33.97
30_Dec_2011  ,  35.488
29_Dec_2011  ,  33.803
28_Dec_2011  ,  33.732
27_Dec_2011  ,  35.804
23_Dec_2011  ,  33.808
22_Dec_2011  ,  33.806
21_Dec_2011  ,  33.701
20_Dec_2011  ,  33.601
19_Dec_2011  ,  33.498
16_Dec_2011  ,  33.331
15_Dec_2011  ,  34.729
14_Dec_2011  ,  33.089
13_Dec_2011  ,  32.896
12_Dec_2011  ,  32.576
9_Dec_2011  ,  32.619
8_Dec_2011  ,  33.54
7_Dec_2011  ,  31.336
6_Dec_2011  ,  30.073
5_Dec_2011  ,  29.889
2_Dec_2011  ,  29.45
1_Dec_2011  ,  30.568
30_Nov_2011  ,  28.868
29_Nov_2011  ,  28.753
28_Nov_2011  ,  28.59
25_Nov_2011  ,  27.965
24_Nov_2011  ,  27.949
23_Nov_2011  ,  26.797
22_Nov_2011  ,  26.792
21_Nov_2011  ,  26.305
18_Nov_2011  ,  28.88
17_Nov_2011  ,  33.209
16_Nov_2011  ,  33.238
15_Nov_2011  ,  30.339
14_Nov_2011  ,  30.374
11_Nov_2011  ,  32.654
10_Nov_2011  ,  32.081
9_Nov_2011  ,  32.636
8_Nov_2011  ,  32.508
7_Nov_2011  ,  32.158
4_Nov_2011  ,  32.355
3_Nov_2011  ,  30.884
2_Nov_2011  ,  28.407
1_Nov_2011  ,  28.175
31_Oct_2011  ,  24.248
28_Oct_2011  ,  24.248
27_Oct_2011  ,  24.404
26_Oct_2011  ,  24.611
25_Oct_2011  ,  24.642
24_Oct_2011  ,  24.789
21_Oct_2011  ,  24.799
20_Oct_2011  ,  24.653
19_Oct_2011  ,  24.659
18_Oct_2011  ,  24.474
17_Oct_2011  ,  24.572
14_Oct_2011  ,  24.663
13_Oct_2011  ,  24.622
12_Oct_2011  ,  24.54
11_Oct_2011  ,  24.252
10_Oct_2011  ,  24.234
7_Oct_2011  ,  24.118
6_Oct_2011  ,  23.162
5_Oct_2011  ,  23.169
4_Oct_2011  ,  22.833
3_Oct_2011  ,  22.661
30_Sep_2011  ,  22.66
29_Sep_2011  ,  23.194
28_Sep_2011  ,  23.266
27_Sep_2011  ,  23.563
26_Sep_2011  ,  23.364
23_Sep_2011  ,  22.464
22_Sep_2011  ,  22.465
21_Sep_2011  ,  23.61
20_Sep_2011  ,  23.37
19_Sep_2011  ,  23.274
16_Sep_2011  ,  20.428
15_Sep_2011  ,  24.003
14_Sep_2011  ,  24.712
13_Sep_2011  ,  24.833
12_Sep_2011  ,  21.936
9_Sep_2011  ,  20.418
8_Sep_2011  ,  20.201
7_Sep_2011  ,  19.578
6_Sep_2011  ,  19.929
5_Sep_2011  ,  19.317
2_Sep_2011  ,  18.678
1_Sep_2011  ,  18.158
31_Aug_2011  ,  18.253
30_Aug_2011  ,  18.019
29_Aug_2011  ,  18.206
26_Aug_2011  ,  18.264
25_Aug_2011  ,  18.32
24_Aug_2011  ,  18.262
23_Aug_2011  ,  17.263
22_Aug_2011  ,  17.032
19_Aug_2011  ,  16.633
18_Aug_2011  ,  16.13
17_Aug_2011  ,  15.904
16_Aug_2011  ,  15.618
15_Aug_2011  ,  15.618
12_Aug_2011  ,  15.597
11_Aug_2011  ,  15.53
10_Aug_2011  ,  15.249
9_Aug_2011  ,  15.247
8_Aug_2011  ,  15.271
5_Aug_2011  ,  15.424
4_Aug_2011  ,  15.428
3_Aug_2011  ,  15.176
2_Aug_2011  ,  15.02
1_Aug_2011  ,  14.928
29_Jul_2011  ,  14.925
28_Jul_2011  ,  14.907
27_Jul_2011  ,  14.889
26_Jul_2011  ,  14.918
25_Jul_2011  ,  14.927
22_Jul_2011  ,  14.679
21_Jul_2011  ,  16.654
20_Jul_2011  ,  17.531
19_Jul_2011  ,  18.201
18_Jul_2011  ,  18.286
15_Jul_2011  ,  17.7
14_Jul_2011  ,  17.161
13_Jul_2011  ,  17.045
12_Jul_2011  ,  16.862
11_Jul_2011  ,  17.105
8_Jul_2011  ,  16.945
7_Jul_2011  ,  16.861
6_Jul_2011  ,  16.745
5_Jul_2011  ,  16.574
4_Jul_2011  ,  16.418
1_Jul_2011  ,  16.531
30_Jun_2011  ,  16.441
29_Jun_2011  ,  16.417
28_Jun_2011  ,  16.71
27_Jun_2011  ,  17.076
24_Jun_2011  ,  16.976
23_Jun_2011  ,  17.082
22_Jun_2011  ,  17.16
21_Jun_2011  ,  17.174
20_Jun_2011  ,  17.512
17_Jun_2011  ,  17.156
16_Jun_2011  ,  18.422
15_Jun_2011  ,  17.992
14_Jun_2011  ,  17.528
13_Jun_2011  ,  17.528
10_Jun_2011  ,  16.957
9_Jun_2011  ,  16.873
8_Jun_2011  ,  16.243
7_Jun_2011  ,  15.983
6_Jun_2011  ,  16.022
3_Jun_2011  ,  16.257
2_Jun_2011  ,  16.421
1_Jun_2011  ,  16.278
31_May_2011  ,  16.256
30_May_2011  ,  16.666
27_May_2011  ,  16.582
26_May_2011  ,  16.614
25_May_2011  ,  16.996
24_May_2011  ,  17.02
23_May_2011  ,  17.358
20_May_2011  ,  16.769
19_May_2011  ,  16.221
18_May_2011  ,  16.014
17_May_2011  ,  15.807
16_May_2011  ,  15.796
13_May_2011  ,  15.742
12_May_2011  ,  15.757
11_May_2011  ,  15.716
10_May_2011  ,  15.706
9_May_2011  ,  15.875
6_May_2011  ,  15.842
5_May_2011  ,  15.784
4_May_2011  ,  15.75
3_May_2011  ,  15.619
2_May_2011  ,  16.173
29_Apr_2011  ,  15.939
28_Apr_2011  ,  16.146
27_Apr_2011  ,  16.125
26_Apr_2011  ,  15.36
21_Apr_2011  ,  15.035
20_Apr_2011  ,  14.787
19_Apr_2011  ,  14.625
18_Apr_2011  ,  14.639
15_Apr_2011  ,  13.788
14_Apr_2011  ,  13.282
13_Apr_2011  ,  13.042
12_Apr_2011  ,  12.838
11_Apr_2011  ,  12.894
8_Apr_2011  ,  12.877
7_Apr_2011  ,  12.801
6_Apr_2011  ,  12.758
5_Apr_2011  ,  12.744
4_Apr_2011  ,  12.768
1_Apr_2011  ,  12.838
31_Mar_2011  ,  12.843
30_Mar_2011  ,  12.752
29_Mar_2011  ,  12.752
28_Mar_2011  ,  12.684
25_Mar_2011  ,  12.684
24_Mar_2011  ,  12.648
23_Mar_2011  ,  12.642
22_Mar_2011  ,  12.536
21_Mar_2011  ,  12.309
18_Mar_2011  ,  12.294
17_Mar_2011  ,  12.392
16_Mar_2011  ,  12.412
15_Mar_2011  ,  12.511
14_Mar_2011  ,  12.469
11_Mar_2011  ,  12.819
10_Mar_2011  ,  12.805
9_Mar_2011  ,  12.911
8_Mar_2011  ,  12.887
7_Mar_2011  ,  12.887
4_Mar_2011  ,  12.303
3_Mar_2011  ,  12.095
2_Mar_2011  ,  12.112
1_Mar_2011  ,  12.061
28_Feb_2011  ,  12.004
25_Feb_2011  ,  11.976
24_Feb_2011  ,  11.941
23_Feb_2011  ,  11.83
22_Feb_2011  ,  11.809
21_Feb_2011  ,  11.806
18_Feb_2011  ,  11.821
17_Feb_2011  ,  11.844
16_Feb_2011  ,  11.912
15_Feb_2011  ,  11.608
14_Feb_2011  ,  11.48
11_Feb_2011  ,  11.401
10_Feb_2011  ,  11.349
9_Feb_2011  ,  11.276
8_Feb_2011  ,  11.204
7_Feb_2011  ,  11.077
4_Feb_2011  ,  10.973
3_Feb_2011  ,  10.956
2_Feb_2011  ,  10.843
1_Feb_2011  ,  11.141
31_Jan_2011  ,  11.381
28_Jan_2011  ,  11.489
27_Jan_2011  ,  11.554
26_Jan_2011  ,  11.445
25_Jan_2011  ,  11.412
24_Jan_2011  ,  11.274
21_Jan_2011  ,  11.379
20_Jan_2011  ,  11.443
19_Jan_2011  ,  11.49
18_Jan_2011  ,  11.468
17_Jan_2011  ,  11.236
14_Jan_2011  ,  11.281
13_Jan_2011  ,  11.34
12_Jan_2011  ,  11.386
11_Jan_2011  ,  11.983
10_Jan_2011  ,  12.487
7_Jan_2011  ,  12.749
6_Jan_2011  ,  12.749
5_Jan_2011  ,  12.713
4_Jan_2011  ,  12.579
3_Jan_2011  ,  12.587
31_Dec_2010  ,  12.544
30_Dec_2010  ,  12.559
29_Dec_2010  ,  12.588
28_Dec_2010  ,  12.43
27_Dec_2010  ,  12.555
24_Dec_2010  ,  12.555
23_Dec_2010  ,  12.391
22_Dec_2010  ,  12.107
21_Dec_2010  ,  12.059
20_Dec_2010  ,  11.986
17_Dec_2010  ,  11.979
16_Dec_2010  ,  12.022
15_Dec_2010  ,  11.933
14_Dec_2010  ,  11.881
13_Dec_2010  ,  11.839
10_Dec_2010  ,  11.86
9_Dec_2010  ,  11.819
8_Dec_2010  ,  11.83
7_Dec_2010  ,  11.845
6_Dec_2010  ,  11.799
3_Dec_2010  ,  11.891
2_Dec_2010  ,  11.872
1_Dec_2010  ,  11.918
30_Nov_2010  ,  12.061
29_Nov_2010  ,  11.937
26_Nov_2010  ,  11.875
25_Nov_2010  ,  12.08
24_Nov_2010  ,  12.07
23_Nov_2010  ,  11.987
22_Nov_2010  ,  11.89
19_Nov_2010  ,  11.7
18_Nov_2010  ,  11.718
17_Nov_2010  ,  11.762
16_Nov_2010  ,  11.708
15_Nov_2010  ,  11.53
12_Nov_2010  ,  11.472
11_Nov_2010  ,  11.72
10_Nov_2010  ,  11.572
9_Nov_2010  ,  11.412
8_Nov_2010  ,  11.462
5_Nov_2010  ,  11.557
4_Nov_2010  ,  11.342
3_Nov_2010  ,  10.944
2_Nov_2010  ,  10.897
1_Nov_2010  ,  10.804
29_Oct_2010  ,  10.742
28_Oct_2010  ,  10.742
27_Oct_2010  ,  10.509
26_Oct_2010  ,  9.732
25_Oct_2010  ,  9.379
22_Oct_2010  ,  9.416
21_Oct_2010  ,  9.36
20_Oct_2010  ,  9.126
19_Oct_2010  ,  9.105
18_Oct_2010  ,  8.95
15_Oct_2010  ,  8.976
14_Oct_2010  ,  8.997
13_Oct_2010  ,  8.905
12_Oct_2010  ,  9.26
11_Oct_2010  ,  9.377
8_Oct_2010  ,  9.952
7_Oct_2010  ,  9.905
6_Oct_2010  ,  10.012
5_Oct_2010  ,  10.162
4_Oct_2010  ,  10.166
1_Oct_2010  ,  10.261
30_Sep_2010  ,  10.563
29_Sep_2010  ,  10.793
28_Sep_2010  ,  10.931
27_Sep_2010  ,  11.052
24_Sep_2010  ,  11.198
23_Sep_2010  ,  11.196
22_Sep_2010  ,  11.195
21_Sep_2010  ,  11.432
20_Sep_2010  ,  11.685
17_Sep_2010  ,  11.716
16_Sep_2010  ,  11.705
15_Sep_2010  ,  11.671
14_Sep_2010  ,  11.546
13_Sep_2010  ,  11.546
10_Sep_2010  ,  11.921
9_Sep_2010  ,  11.881
8_Sep_2010  ,  12.009
7_Sep_2010  ,  11.868
6_Sep_2010  ,  11.623
3_Sep_2010  ,  11.528
2_Sep_2010  ,  11.444
1_Sep_2010  ,  11.532
31_Aug_2010  ,  11.503
30_Aug_2010  ,  11.585
27_Aug_2010  ,  11.571
26_Aug_2010  ,  11.597
25_Aug_2010  ,  11.61
24_Aug_2010  ,  11.21
23_Aug_2010  ,  10.972
20_Aug_2010  ,  10.91
19_Aug_2010  ,  10.821
18_Aug_2010  ,  10.673
17_Aug_2010  ,  10.83
16_Aug_2010  ,  10.781
13_Aug_2010  ,  10.583
12_Aug_2010  ,  10.519
11_Aug_2010  ,  10.443
10_Aug_2010  ,  10.479
9_Aug_2010  ,  10.321
6_Aug_2010  ,  10.284
5_Aug_2010  ,  10.306
4_Aug_2010  ,  10.35
3_Aug_2010  ,  10.22
2_Aug_2010  ,  10.333
30_Jul_2010  ,  10.365
29_Jul_2010  ,  10.364
28_Jul_2010  ,  10.435
27_Jul_2010  ,  10.359
26_Jul_2010  ,  10.451
23_Jul_2010  ,  10.497
22_Jul_2010  ,  10.527
21_Jul_2010  ,  10.596
20_Jul_2010  ,  10.489
19_Jul_2010  ,  10.47
16_Jul_2010  ,  10.386
15_Jul_2010  ,  10.43
14_Jul_2010  ,  10.362
13_Jul_2010  ,  10.341
12_Jul_2010  ,  10.337
9_Jul_2010  ,  10.316
8_Jul_2010  ,  10.371
7_Jul_2010  ,  10.259
6_Jul_2010  ,  10.27
5_Jul_2010  ,  10.328
2_Jul_2010  ,  10.348
1_Jul_2010  ,  10.433
30_Jun_2010  ,  10.552
29_Jun_2010  ,  10.594
28_Jun_2010  ,  10.688
25_Jun_2010  ,  10.499
24_Jun_2010  ,  10.529
23_Jun_2010  ,  10.481
22_Jun_2010  ,  9.897
21_Jun_2010  ,  9.619
18_Jun_2010  ,  9.543
17_Jun_2010  ,  9.549
16_Jun_2010  ,  9.449
15_Jun_2010  ,  9.227
14_Jun_2010  ,  8.441
11_Jun_2010  ,  8.304
10_Jun_2010  ,  8.216
9_Jun_2010  ,  8.291
8_Jun_2010  ,  8.243
7_Jun_2010  ,  8.265
4_Jun_2010  ,  8.302
3_Jun_2010  ,  8.204
2_Jun_2010  ,  8.122
1_Jun_2010  ,  7.998
31_May_2010  ,  7.782
28_May_2010  ,  7.768
27_May_2010  ,  7.821
26_May_2010  ,  7.948
25_May_2010  ,  7.998
24_May_2010  ,  7.998
21_May_2010  ,  8.09
20_May_2010  ,  8.047
19_May_2010  ,  7.792
18_May_2010  ,  7.628
17_May_2010  ,  8.099
14_May_2010  ,  7.846
13_May_2010  ,  7.468
12_May_2010  ,  7.363
11_May_2010  ,  7.462
10_May_2010  ,  7.798
7_May_2010  ,  12.443
6_May_2010  ,  11.046
5_May_2010  ,  10.347
4_May_2010  ,  9.512
3_May_2010  ,  8.782
30_Apr_2010  ,  9.125
29_Apr_2010  ,  9.439
28_Apr_2010  ,  8.97
27_Apr_2010  ,  9.637
26_Apr_2010  ,  9.36
