2018-06-26  ,  3.61
2018-06-25  ,  3.61
2018-06-23  ,  3.61
2018-06-22  ,  3.61
2018-06-21  ,  3.62
2018-06-20  ,  3.54
2018-06-19  ,  3.56
2018-06-18  ,  3.54
2018-06-17  ,  3.52
2018-06-16  ,  3.52
2018-06-15  ,  3.52
2018-06-14  ,  3.59
2018-06-13  ,  3.53
2018-06-12  ,  3.38
2018-06-11  ,  3.31
2018-06-09  ,  3.27
2018-06-08  ,  3.27
2018-06-07  ,  3.14
2018-06-06  ,  3.09
2018-06-05  ,  3.12
2018-06-04  ,  3.18
2018-06-03  ,  3.19
2018-06-01  ,  3.19
2018-05-31  ,  3.22
2018-05-30  ,  3.23
2018-05-29  ,  3.17
2018-05-28  ,  3.12
2018-05-27  ,  3.14
2018-05-25  ,  3.14
2018-05-24  ,  3.13
2018-05-23  ,  3.29
2018-05-22  ,  3.25
2018-05-21  ,  3.14
2018-05-20  ,  3.14
2018-05-18  ,  3.14
2018-05-17  ,  3.17
2018-05-16  ,  3.09
2018-05-15  ,  3.05
2018-05-14  ,  2.94
2018-05-13  ,  2.85
2018-05-11  ,  2.85
2018-05-10  ,  2.81
2018-05-09  ,  2.8
2018-05-08  ,  2.75
2018-05-07  ,  2.67
2018-05-04  ,  2.66
2018-05-03  ,  2.67
2018-05-02  ,  2.63
2018-05-01  ,  2.59
2018-04-30  ,  2.59
2018-04-27  ,  2.59
2018-04-26  ,  2.64
2018-04-25  ,  2.64
2018-04-24  ,  2.61
2018-04-23  ,  2.62
2018-04-20  ,  2.55
2018-04-19  ,  2.54
2018-04-18  ,  2.51
2018-04-17  ,  2.51
2018-04-16  ,  2.53
2018-04-14  ,  2.51
2018-04-13  ,  2.51
2018-04-12  ,  2.45
2018-04-11  ,  2.45
2018-04-10  ,  2.48
2018-04-09  ,  2.53
2018-04-06  ,  2.64
2018-04-05  ,  2.6
2018-04-04  ,  2.51
2018-04-03  ,  2.47
2018-03-30  ,  2.46
2018-03-29  ,  2.46
2018-03-28  ,  2.48
2018-03-27  ,  2.55
2018-03-26  ,  2.59
2018-03-24  ,  2.59
2018-03-23  ,  2.59
2018-03-22  ,  2.56
2018-03-21  ,  2.68
2018-03-20  ,  2.66
2018-03-19  ,  2.69
2018-03-16  ,  2.73
2018-03-15  ,  2.73
2018-03-14  ,  2.73
2018-03-13  ,  2.75
2018-03-12  ,  2.77
2018-03-09  ,  2.75
2018-03-08  ,  2.78
2018-03-07  ,  2.76
2018-03-06  ,  2.77
2018-03-05  ,  2.72
2018-03-02  ,  2.73
2018-03-01  ,  2.69
2018-02-28  ,  2.66
2018-02-27  ,  2.65
2018-02-26  ,  2.58
2018-02-23  ,  2.59
2018-02-22  ,  2.63
2018-02-21  ,  2.62
2018-02-20  ,  2.69
2018-02-19  ,  2.67
2018-02-18  ,  2.61
2018-02-16  ,  2.61
2018-02-15  ,  2.6
2018-02-14  ,  2.56
2018-02-13  ,  2.56
2018-02-12  ,  2.63
2018-02-09  ,  2.63
2018-02-08  ,  2.68
2018-02-07  ,  2.71
2018-02-06  ,  2.75
2018-02-05  ,  2.75
2018-02-02  ,  2.55
2018-02-01  ,  2.46
2018-01-31  ,  2.38
2018-01-30  ,  2.35
2018-01-29  ,  2.34
2018-01-26  ,  2.23
2018-01-25  ,  2.21
2018-01-24  ,  2.22
2018-01-23  ,  2.19
2018-01-22  ,  2.27
2018-01-19  ,  2.24
2018-01-18  ,  2.12
2018-01-17  ,  2.03
2018-01-16  ,  2.05
2018-01-15  ,  2.05
2018-01-12  ,  2.04
2018-01-11  ,  2.02
2018-01-10  ,  2.03
2018-01-09  ,  2.01
2018-01-08  ,  1.99
2018-01-07  ,  1.97
2018-01-05  ,  1.97
2018-01-04  ,  2.03
2018-01-03  ,  2.11
2018-01-02  ,  2.12
2018-01-01  ,  2.09
2017-12-29  ,  2.09
2017-12-28  ,  2.09
2017-12-27  ,  2.1
2017-12-26  ,  2.11
2017-12-25  ,  2.11
2017-12-22  ,  2.11
2017-12-21  ,  2.11
2017-12-20  ,  2.08
2017-12-19  ,  2.08
2017-12-18  ,  2.14
2017-12-16  ,  2.2
2017-12-15  ,  2.2
2017-12-14  ,  2.23
2017-12-13  ,  2.23
2017-12-12  ,  2.2
2017-12-11  ,  2.17
2017-12-08  ,  2.16
2017-12-07  ,  2.15
2017-12-06  ,  2.16
2017-12-05  ,  2.15
2017-12-04  ,  2.15
2017-12-02  ,  2.13
2017-12-01  ,  2.13
2017-11-30  ,  2.2
2017-11-29  ,  2.19
2017-11-28  ,  2.14
2017-11-27  ,  2.12
2017-11-24  ,  2.11
2017-11-23  ,  2.11
2017-11-22  ,  2.22
2017-11-21  ,  2.3
2017-11-20  ,  2.34
2017-11-17  ,  2.34
2017-11-16  ,  2.33
2017-11-15  ,  2.29
2017-11-14  ,  2.34
2017-11-13  ,  2.35
2017-11-10  ,  2.34
2017-11-09  ,  2.34
2017-11-08  ,  2.4
2017-11-07  ,  2.43
2017-11-06  ,  2.44
2017-11-03  ,  2.47
2017-11-02  ,  2.54
2017-11-01  ,  2.56
2017-10-31  ,  2.56
2017-10-30  ,  2.52
2017-10-29  ,  2.52
2017-10-27  ,  2.52
2017-10-26  ,  2.52
2017-10-25  ,  2.53
2017-10-24  ,  2.57
2017-10-23  ,  2.59
2017-10-22  ,  2.59
2017-10-20  ,  2.59
2017-10-19  ,  2.58
2017-10-18  ,  2.58
2017-10-17  ,  2.59
2017-10-16  ,  2.62
2017-10-13  ,  2.63
2017-10-12  ,  2.68
2017-10-11  ,  2.71
2017-10-10  ,  2.8
2017-10-09  ,  2.81
2017-10-06  ,  2.77
2017-10-05  ,  2.73
2017-10-04  ,  2.71
2017-10-03  ,  2.69
2017-10-02  ,  2.7
2017-09-29  ,  2.67
2017-09-28  ,  2.67
2017-09-27  ,  2.59
2017-09-26  ,  2.55
2017-09-25  ,  2.58
2017-09-22  ,  2.62
2017-09-21  ,  2.75
2017-09-20  ,  2.8
2017-09-19  ,  2.88
2017-09-18  ,  2.91
2017-09-15  ,  2.92
2017-09-14  ,  2.95
2017-09-13  ,  2.99
2017-09-12  ,  2.98
2017-09-11  ,  2.95
2017-09-08  ,  2.98
2017-09-07  ,  3.01
2017-09-06  ,  3.02
2017-09-05  ,  3.04
2017-09-04  ,  3.06
2017-09-01  ,  3.04
2017-08-31  ,  3.04
2017-08-30  ,  3.05
2017-08-29  ,  2.99
2017-08-28  ,  3.0
2017-08-25  ,  3.02
2017-08-24  ,  3.05
2017-08-23  ,  3.13
2017-08-22  ,  3.14
2017-08-21  ,  3.15
2017-08-18  ,  3.18
2017-08-17  ,  3.19
2017-08-16  ,  3.2
2017-08-15  ,  3.2
2017-08-14  ,  3.21
2017-08-11  ,  3.21
2017-08-10  ,  3.19
2017-08-09  ,  3.17
2017-08-08  ,  3.17
2017-08-07  ,  3.2
2017-08-06  ,  3.19
2017-08-04  ,  3.19
2017-08-03  ,  3.2
2017-08-02  ,  3.22
2017-08-01  ,  3.23
2017-07-31  ,  3.2
2017-07-28  ,  3.2
2017-07-27  ,  3.19
2017-07-26  ,  3.21
2017-07-25  ,  3.19
2017-07-24  ,  3.17
2017-07-21  ,  3.17
2017-07-20  ,  3.18
2017-07-19  ,  3.13
2017-07-18  ,  3.14
2017-07-17  ,  3.16
2017-07-16  ,  3.18
2017-07-14  ,  3.18
2017-07-13  ,  3.19
2017-07-12  ,  3.23
2017-07-11  ,  3.27
2017-07-10  ,  3.26
2017-07-07  ,  3.3
2017-07-06  ,  3.28
2017-07-05  ,  3.21
2017-07-04  ,  3.19
2017-07-03  ,  3.17
2017-07-02  ,  3.18
2017-07-01  ,  3.18
2017-06-30  ,  3.18
2017-06-29  ,  3.16
2017-06-28  ,  3.13
2017-06-27  ,  3.02
2017-06-26  ,  3.01
2017-06-25  ,  3.02
2017-06-23  ,  3.02
2017-06-22  ,  3.03
2017-06-21  ,  3.04
2017-06-20  ,  3.06
2017-06-19  ,  3.08
2017-06-16  ,  3.08
2017-06-15  ,  3.05
2017-06-14  ,  3.07
2017-06-13  ,  3.08
2017-06-12  ,  3.09
2017-06-09  ,  3.09
2017-06-08  ,  3.11
2017-06-07  ,  3.15
2017-06-06  ,  3.13
2017-06-05  ,  3.16
2017-06-02  ,  3.16
2017-06-01  ,  3.15
2017-05-31  ,  3.14
2017-05-30  ,  3.13
2017-05-29  ,  3.13
2017-05-26  ,  3.1
2017-05-25  ,  3.12
2017-05-24  ,  3.14
2017-05-23  ,  3.19
2017-05-22  ,  3.2
2017-05-19  ,  3.22
2017-05-18  ,  3.18
2017-05-17  ,  3.17
2017-05-16  ,  3.16
2017-05-15  ,  3.15
2017-05-12  ,  3.15
2017-05-11  ,  3.16
2017-05-10  ,  3.2
2017-05-09  ,  3.25
2017-05-08  ,  3.25
2017-05-07  ,  3.3
2017-05-05  ,  3.3
2017-05-04  ,  3.31
2017-05-03  ,  3.31
2017-05-02  ,  3.34
2017-04-28  ,  3.34
2017-04-27  ,  3.36
2017-04-26  ,  3.41
2017-04-25  ,  3.4
2017-04-24  ,  3.41
2017-04-22  ,  3.42
2017-04-21  ,  3.42
2017-04-20  ,  3.38
2017-04-19  ,  3.37
2017-04-18  ,  3.37
2017-04-17  ,  3.38
2017-04-13  ,  3.38
2017-04-12  ,  3.4
2017-04-11  ,  3.4
2017-04-10  ,  3.41
2017-04-07  ,  3.4
2017-04-06  ,  3.38
2017-04-05  ,  3.38
2017-04-04  ,  3.36
2017-04-03  ,  3.35
2017-03-31  ,  3.39
2017-03-30  ,  3.41
2017-03-29  ,  3.39
2017-03-28  ,  3.47
2017-03-27  ,  3.45
2017-03-26  ,  3.52
2017-03-24  ,  3.52
2017-03-23  ,  3.55
2017-03-22  ,  3.57
2017-03-21  ,  3.72
2017-03-20  ,  3.71
2017-03-18  ,  3.71
2017-03-17  ,  3.71
2017-03-16  ,  3.71
2017-03-15  ,  3.73
2017-03-14  ,  3.73
2017-03-13  ,  3.71
2017-03-10  ,  3.73
2017-03-09  ,  3.65
2017-03-08  ,  3.58
2017-03-07  ,  3.55
2017-03-06  ,  3.55
2017-03-03  ,  3.55
2017-03-02  ,  3.56
2017-03-01  ,  3.55
2017-02-28  ,  3.51
2017-02-27  ,  3.5
2017-02-24  ,  3.54
2017-02-23  ,  3.55
2017-02-22  ,  3.6
2017-02-21  ,  3.65
2017-02-20  ,  3.66
2017-02-17  ,  3.67
2017-02-16  ,  3.69
2017-02-15  ,  3.69
2017-02-14  ,  3.69
2017-02-13  ,  3.69
2017-02-10  ,  3.65
2017-02-09  ,  3.64
2017-02-08  ,  3.68
2017-02-07  ,  3.66
2017-02-06  ,  3.63
2017-02-03  ,  3.59
2017-02-02  ,  3.59
2017-02-01  ,  3.58
2017-01-31  ,  3.57
2017-01-30  ,  3.58
2017-01-27  ,  3.59
2017-01-26  ,  3.57
2017-01-25  ,  3.59
2017-01-24  ,  3.56
2017-01-23  ,  3.58
2017-01-20  ,  3.59
2017-01-19  ,  3.56
2017-01-18  ,  3.55
2017-01-17  ,  3.5
2017-01-16  ,  3.51
2017-01-13  ,  3.47
2017-01-12  ,  3.46
2017-01-11  ,  3.5
2017-01-10  ,  3.59
2017-01-09  ,  3.54
2017-01-06  ,  3.41
2017-01-05  ,  3.35
2017-01-04  ,  3.34
2017-01-03  ,  3.3
2017-01-02  ,  3.25
2016-12-30  ,  3.26
2016-12-29  ,  3.27
2016-12-28  ,  3.29
2016-12-27  ,  3.29
2016-12-23  ,  3.24
2016-12-22  ,  3.25
2016-12-21  ,  3.24
2016-12-20  ,  3.29
2016-12-19  ,  3.36
2016-12-16  ,  3.42
2016-12-15  ,  3.47
2016-12-14  ,  3.41
2016-12-13  ,  3.4
2016-12-12  ,  3.47
2016-12-09  ,  3.45
2016-12-08  ,  3.46
2016-12-07  ,  3.51
2016-12-06  ,  3.58
2016-12-05  ,  3.63
2016-12-02  ,  3.63
2016-12-01  ,  3.58
2016-11-30  ,  3.48
2016-11-29  ,  3.47
2016-11-28  ,  3.51
2016-11-25  ,  3.55
2016-11-24  ,  3.6
2016-11-23  ,  3.63
2016-11-22  ,  3.64
2016-11-21  ,  3.71
2016-11-18  ,  3.73
2016-11-17  ,  3.64
2016-11-16  ,  3.66
2016-11-15  ,  3.57
2016-11-14  ,  3.66
2016-11-11  ,  3.5
2016-11-10  ,  3.43
2016-11-09  ,  3.23
2016-11-08  ,  3.18
2016-11-07  ,  3.13
2016-11-04  ,  3.11
2016-11-03  ,  3.1
2016-11-02  ,  3.1
2016-11-01  ,  3.08
2016-10-31  ,  3.08
2016-10-28  ,  3.08
2016-10-27  ,  3.06
2016-10-26  ,  2.99
2016-10-25  ,  2.96
2016-10-24  ,  2.97
2016-10-21  ,  2.99
2016-10-20  ,  3.0
2016-10-19  ,  3.04
2016-10-18  ,  3.07
2016-10-17  ,  3.1
2016-10-15  ,  3.09
2016-10-14  ,  3.09
2016-10-13  ,  3.1
2016-10-12  ,  3.1
2016-10-11  ,  3.08
2016-10-10  ,  3.05
2016-10-08  ,  3.04
2016-10-07  ,  3.04
2016-10-06  ,  2.99
2016-10-05  ,  2.99
2016-10-04  ,  2.98
2016-10-03  ,  2.96
2016-10-01  ,  2.97
2016-09-30  ,  2.97
2016-09-29  ,  2.94
2016-09-28  ,  2.92
2016-09-27  ,  2.89
2016-09-26  ,  2.89
2016-09-25  ,  2.89
2016-09-24  ,  2.89
2016-09-23  ,  2.89
2016-09-22  ,  2.88
2016-09-21  ,  2.9
2016-09-20  ,  2.89
2016-09-19  ,  2.93
2016-09-17  ,  3.06
2016-09-16  ,  3.06
2016-09-15  ,  3.09
2016-09-14  ,  3.08
2016-09-13  ,  3.03
2016-09-12  ,  3.06
2016-09-11  ,  3.0
2016-09-10  ,  3.0
2016-09-09  ,  3.0
2016-09-08  ,  2.96
2016-09-07  ,  2.98
2016-09-06  ,  3.04
2016-09-05  ,  3.06
2016-09-03  ,  3.07
2016-09-02  ,  3.07
2016-09-01  ,  3.0
2016-08-31  ,  2.95
2016-08-30  ,  2.93
2016-08-29  ,  2.94
2016-08-28  ,  2.97
2016-08-27  ,  2.97
2016-08-26  ,  2.97
2016-08-25  ,  2.96
2016-08-24  ,  2.92
2016-08-23  ,  2.91
2016-08-22  ,  2.91
2016-08-19  ,  2.88
2016-08-18  ,  2.88
2016-08-17  ,  2.89
2016-08-16  ,  2.86
2016-08-15  ,  2.87
2016-08-14  ,  2.89
2016-08-13  ,  2.89
2016-08-12  ,  2.89
2016-08-11  ,  2.91
2016-08-10  ,  2.95
2016-08-09  ,  2.99
2016-08-08  ,  3.01
2016-08-06  ,  3.0
2016-08-05  ,  3.0
2016-08-04  ,  3.02
2016-08-03  ,  3.02
2016-08-02  ,  2.93
2016-08-01  ,  2.9
2016-07-29  ,  2.91
2016-07-28  ,  2.91
2016-07-27  ,  2.97
2016-07-26  ,  2.97
2016-07-25  ,  3.03
2016-07-22  ,  3.04
2016-07-21  ,  3.03
2016-07-20  ,  3.02
2016-07-19  ,  2.93
2016-07-18  ,  2.92
2016-07-15  ,  2.87
2016-07-14  ,  2.88
2016-07-13  ,  2.94
2016-07-12  ,  2.95
2016-07-11  ,  2.99
2016-07-10  ,  2.99
2016-07-08  ,  2.99
2016-07-07  ,  3.01
2016-07-06  ,  2.99
2016-07-05  ,  3.08
2016-07-04  ,  3.1
2016-07-03  ,  3.1
2016-07-01  ,  3.1
2016-06-30  ,  3.22
2016-06-29  ,  3.23
2016-06-28  ,  3.27
2016-06-27  ,  3.37
2016-06-24  ,  3.51
2016-06-23  ,  3.29
2016-06-22  ,  3.36
2016-06-21  ,  3.38
2016-06-20  ,  3.41
2016-06-17  ,  3.46
2016-06-16  ,  3.48
2016-06-15  ,  3.48
2016-06-14  ,  3.44
2016-06-13  ,  3.38
2016-06-10  ,  3.35
2016-06-09  ,  3.36
2016-06-08  ,  3.45
2016-06-07  ,  3.51
2016-06-06  ,  3.5
2016-06-05  ,  3.52
2016-06-04  ,  3.52
2016-06-03  ,  3.52
2016-06-02  ,  3.52
2016-06-01  ,  3.51
2016-05-31  ,  3.51
2016-05-30  ,  3.48
2016-05-28  ,  3.49
2016-05-27  ,  3.49
2016-05-26  ,  3.5
2016-05-25  ,  3.48
2016-05-24  ,  3.43
2016-05-23  ,  3.45
2016-05-21  ,  3.5
2016-05-20  ,  3.5
2016-05-19  ,  3.53
2016-05-18  ,  3.48
2016-05-17  ,  3.5
2016-05-16  ,  3.48
2016-05-14  ,  3.48
2016-05-13  ,  3.48
2016-05-12  ,  3.45
2016-05-11  ,  3.45
2016-05-10  ,  3.42
2016-05-09  ,  3.36
2016-05-07  ,  3.34
2016-05-06  ,  3.34
2016-05-05  ,  3.37
2016-05-04  ,  3.42
2016-05-03  ,  3.4
2016-05-02  ,  3.41
2016-04-30  ,  3.42
2016-04-29  ,  3.42
2016-04-28  ,  3.35
2016-04-27  ,  3.29
2016-04-26  ,  3.14
2016-04-25  ,  3.09
2016-04-23  ,  3.09
2016-04-22  ,  3.09
2016-04-21  ,  3.03
2016-04-20  ,  3.01
2016-04-19  ,  3.01
2016-04-18  ,  3.02
2016-04-16  ,  3.03
2016-04-15  ,  3.03
2016-04-14  ,  3.02
2016-04-13  ,  3.05
2016-04-12  ,  3.07
2016-04-11  ,  3.09
2016-04-09  ,  3.16
2016-04-08  ,  3.16
2016-04-07  ,  3.14
2016-04-06  ,  3.13
2016-04-05  ,  3.12
2016-04-04  ,  3.07
2016-04-02  ,  3.07
2016-04-01  ,  3.07
2016-03-31  ,  3.04
2016-03-30  ,  3.0
2016-03-29  ,  3.01
2016-03-28  ,  3.02
2016-03-26  ,  3.02
2016-03-25  ,  3.02
2016-03-24  ,  3.02
2016-03-23  ,  3.05
2016-03-22  ,  3.14
2016-03-21  ,  3.16
2016-03-19  ,  3.21
2016-03-18  ,  3.21
2016-03-17  ,  3.19
2016-03-16  ,  3.26
2016-03-15  ,  3.3
2016-03-14  ,  3.3
2016-03-12  ,  3.3
2016-03-11  ,  3.3
2016-03-10  ,  3.28
2016-03-09  ,  3.39
2016-03-08  ,  3.39
2016-03-07  ,  3.35
2016-03-04  ,  3.38
2016-03-03  ,  3.39
2016-03-02  ,  3.4
2016-03-01  ,  3.36
2016-02-29  ,  3.37
2016-02-27  ,  3.35
2016-02-26  ,  3.35
2016-02-25  ,  3.33
2016-02-24  ,  3.32
2016-02-23  ,  3.39
2016-02-22  ,  3.4
2016-02-20  ,  3.45
2016-02-19  ,  3.45
2016-02-18  ,  3.47
2016-02-17  ,  3.48
2016-02-16  ,  3.47
2016-02-15  ,  3.49
2016-02-14  ,  3.53
2016-02-13  ,  3.53
2016-02-12  ,  3.53
2016-02-11  ,  3.59
2016-02-10  ,  3.59
2016-02-09  ,  3.58
2016-02-08  ,  3.51
2016-02-06  ,  3.52
2016-02-05  ,  3.52
2016-02-04  ,  3.46
2016-02-03  ,  3.45
2016-02-02  ,  3.47
2016-02-01  ,  3.46
2016-01-30  ,  3.58
2016-01-29  ,  3.58
2016-01-28  ,  3.64
2016-01-27  ,  3.72
2016-01-26  ,  3.45
2016-01-25  ,  3.42
2016-01-23  ,  3.4
2016-01-22  ,  3.4
2016-01-21  ,  3.43
2016-01-20  ,  3.4
2016-01-19  ,  3.46
2016-01-18  ,  3.41
2016-01-16  ,  3.37
2016-01-15  ,  3.37
2016-01-14  ,  3.32
2016-01-13  ,  3.35
2016-01-12  ,  3.43
2016-01-11  ,  3.52
2016-01-10  ,  3.51
2016-01-09  ,  3.51
2016-01-08  ,  3.51
2016-01-07  ,  3.43
2016-01-06  ,  3.45
2016-01-05  ,  3.43
2016-01-04  ,  3.42
2016-01-02  ,  3.42
2016-01-01  ,  3.42
2015-12-31  ,  3.42
2015-12-30  ,  3.42
2015-12-29  ,  3.42
2015-12-28  ,  3.42
2015-12-26  ,  3.43
2015-12-25  ,  3.43
2015-12-24  ,  3.43
2015-12-23  ,  3.43
2015-12-22  ,  3.46
2015-12-21  ,  3.5
2015-12-19  ,  3.59
2015-12-18  ,  3.59
2015-12-17  ,  3.65
2015-12-16  ,  3.71
2015-12-15  ,  3.78
2015-12-14  ,  3.72
2015-12-12  ,  3.73
2015-12-11  ,  3.73
2015-12-10  ,  3.63
2015-12-09  ,  3.56
2015-12-08  ,  3.58
2015-12-07  ,  3.65
2015-12-06  ,  3.66
2015-12-05  ,  3.66
2015-12-04  ,  3.66
2015-12-03  ,  3.48
2015-12-02  ,  3.47
2015-12-01  ,  3.42
2015-11-30  ,  3.39
2015-11-28  ,  3.38
2015-11-27  ,  3.38
2015-11-26  ,  3.38
2015-11-25  ,  3.36
2015-11-24  ,  3.34
2015-11-23  ,  3.34
2015-11-22  ,  3.33
2015-11-21  ,  3.33
2015-11-20  ,  3.33
2015-11-19  ,  3.41
2015-11-18  ,  3.44
2015-11-17  ,  3.43
2015-11-16  ,  3.48
2015-11-14  ,  3.51
2015-11-13  ,  3.51
2015-11-12  ,  3.55
2015-11-11  ,  3.53
2015-11-10  ,  3.46
2015-11-09  ,  3.52
2015-11-07  ,  3.46
2015-11-06  ,  3.46
2015-11-05  ,  3.45
2015-11-04  ,  3.45
2015-11-03  ,  3.45
2015-11-02  ,  3.43
2015-10-31  ,  3.45
2015-10-30  ,  3.45
2015-10-29  ,  3.4
2015-10-28  ,  3.35
2015-10-27  ,  3.37
2015-10-26  ,  3.39
2015-10-24  ,  3.48
2015-10-23  ,  3.48
2015-10-22  ,  3.48
2015-10-21  ,  3.47
2015-10-20  ,  3.47
2015-10-19  ,  3.44
2015-10-18  ,  3.41
2015-10-17  ,  3.41
2015-10-16  ,  3.41
2015-10-15  ,  3.38
2015-10-14  ,  3.37
2015-10-13  ,  3.35
2015-10-12  ,  3.34
2015-10-11  ,  3.3
2015-10-10  ,  3.3
2015-10-09  ,  3.3
2015-10-08  ,  3.28
2015-10-07  ,  3.35
2015-10-06  ,  3.33
2015-10-05  ,  3.34
2015-10-03  ,  3.39
2015-10-02  ,  3.39
2015-10-01  ,  3.38
2015-09-30  ,  3.38
2015-09-29  ,  3.38
2015-09-28  ,  3.43
2015-09-27  ,  3.41
2015-09-26  ,  3.41
2015-09-25  ,  3.41
2015-09-24  ,  3.37
2015-09-23  ,  3.44
2015-09-22  ,  3.47
2015-09-21  ,  3.5
2015-09-19  ,  3.57
2015-09-18  ,  3.57
2015-09-17  ,  3.67
2015-09-16  ,  3.68
2015-09-15  ,  3.62
2015-09-14  ,  3.66
2015-09-12  ,  3.69
2015-09-11  ,  3.69
2015-09-10  ,  3.72
2015-09-09  ,  3.71
2015-09-08  ,  3.72
2015-09-07  ,  3.7
2015-09-06  ,  3.73
2015-09-05  ,  3.73
2015-09-04  ,  3.73
2015-09-03  ,  3.77
2015-09-02  ,  3.8
2015-09-01  ,  3.78
2015-08-31  ,  3.74
2015-08-29  ,  3.77
2015-08-28  ,  3.77
2015-08-27  ,  3.78
2015-08-26  ,  3.86
2015-08-25  ,  3.8
2015-08-24  ,  3.79
2015-08-22  ,  3.58
2015-08-21  ,  3.58
2015-08-20  ,  3.58
2015-08-19  ,  3.58
2015-08-18  ,  3.57
2015-08-17  ,  3.56
2015-08-15  ,  3.56
2015-08-14  ,  3.56
2015-08-13  ,  3.58
2015-08-12  ,  3.59
2015-08-11  ,  3.67
2015-08-10  ,  3.76
2015-08-08  ,  3.78
2015-08-07  ,  3.78
2015-08-06  ,  3.76
2015-08-05  ,  3.76
2015-08-04  ,  3.76
2015-08-03  ,  3.8
2015-08-02  ,  3.84
2015-08-01  ,  3.84
2015-07-31  ,  3.84
2015-07-30  ,  3.84
2015-07-29  ,  3.8
2015-07-28  ,  3.75
2015-07-27  ,  3.71
2015-07-25  ,  3.65
2015-07-24  ,  3.65
2015-07-23  ,  3.58
2015-07-22  ,  3.68
2015-07-21  ,  3.72
2015-07-20  ,  3.73
2015-07-18  ,  3.76
2015-07-17  ,  3.76
2015-07-16  ,  3.77
2015-07-15  ,  3.83
2015-07-14  ,  3.86
2015-07-13  ,  3.8
2015-07-11  ,  3.82
2015-07-10  ,  3.82
2015-07-09  ,  3.88
2015-07-08  ,  4.01
2015-07-07  ,  3.92
2015-07-06  ,  4.02
2015-07-04  ,  3.94
2015-07-03  ,  3.94
2015-07-02  ,  4.01
2015-07-01  ,  3.94
2015-06-30  ,  3.98
2015-06-29  ,  4.0
2015-06-27  ,  3.93
2015-06-26  ,  3.93
2015-06-25  ,  3.94
2015-06-24  ,  3.91
2015-06-23  ,  3.95
2015-06-22  ,  4.05
2015-06-21  ,  4.19
2015-06-20  ,  4.19
2015-06-19  ,  4.19
2015-06-18  ,  4.15
2015-06-17  ,  4.23
2015-06-16  ,  4.27
2015-06-15  ,  4.31
2015-06-13  ,  4.05
2015-06-12  ,  4.05
2015-06-11  ,  4.06
2015-06-10  ,  4.07
2015-06-09  ,  3.93
2015-06-08  ,  3.84
2015-06-07  ,  3.71
2015-06-06  ,  3.71
2015-06-05  ,  3.71
2015-06-04  ,  3.77
2015-06-03  ,  3.63
2015-06-02  ,  3.59
2015-06-01  ,  3.55
2015-05-30  ,  3.5
2015-05-29  ,  3.5
2015-05-28  ,  3.53
2015-05-27  ,  3.62
2015-05-26  ,  3.6
2015-05-25  ,  3.6
2015-05-23  ,  3.6
2015-05-22  ,  3.6
2015-05-21  ,  3.64
2015-05-20  ,  3.65
2015-05-19  ,  3.67
2015-05-18  ,  3.66
2015-05-16  ,  3.71
2015-05-15  ,  3.71
2015-05-14  ,  3.86
2015-05-13  ,  3.8
2015-05-12  ,  3.88
2015-05-11  ,  3.74
2015-05-09  ,  3.8
2015-05-08  ,  3.8
2015-05-07  ,  3.92
2015-05-06  ,  3.73
2015-05-05  ,  3.58
2015-05-04  ,  3.58
2015-05-02  ,  3.54
2015-05-01  ,  3.54
2015-04-30  ,  3.54
2015-04-29  ,  3.45
2015-04-28  ,  3.38
2015-04-27  ,  3.37
2015-04-25  ,  3.35
2015-04-24  ,  3.35
2015-04-23  ,  3.39
2015-04-22  ,  3.37
2015-04-21  ,  3.36
2015-04-20  ,  3.37
2015-04-18  ,  3.38
2015-04-17  ,  3.38
2015-04-16  ,  3.38
2015-04-15  ,  3.34
2015-04-14  ,  3.36
2015-04-13  ,  3.39
2015-04-11  ,  3.35
2015-04-10  ,  3.35
2015-04-09  ,  3.25
2015-04-08  ,  3.3
2015-04-07  ,  3.38
2015-04-06  ,  3.38
2015-04-04  ,  3.38
2015-04-03  ,  3.38
2015-04-02  ,  3.38
2015-04-01  ,  3.43
2015-03-31  ,  3.38
2015-03-30  ,  3.36
2015-03-28  ,  3.45
2015-03-27  ,  3.45
2015-03-26  ,  3.35
2015-03-25  ,  3.25
2015-03-24  ,  3.33
2015-03-23  ,  3.3
2015-03-21  ,  3.34
2015-03-20  ,  3.34
2015-03-19  ,  3.42
2015-03-18  ,  3.67
2015-03-17  ,  3.74
2015-03-16  ,  3.71
2015-03-14  ,  3.68
2015-03-13  ,  3.68
2015-03-12  ,  3.53
2015-03-11  ,  3.58
2015-03-10  ,  3.59
2015-03-09  ,  3.4
2015-03-08  ,  3.19
2015-03-07  ,  3.19
2015-03-06  ,  3.19
2015-03-05  ,  3.26
2015-03-04  ,  3.09
2015-03-03  ,  2.97
2015-03-02  ,  2.93
2015-02-28  ,  3.01
2015-02-27  ,  3.01
2015-02-26  ,  3.01
2015-02-25  ,  3.16
2015-02-24  ,  3.25
2015-02-23  ,  3.34
2015-02-21  ,  3.36
2015-02-20  ,  3.36
2015-02-19  ,  3.35
2015-02-18  ,  3.46
2015-02-17  ,  3.25
2015-02-16  ,  3.16
2015-02-14  ,  3.13
2015-02-13  ,  3.13
2015-02-12  ,  3.22
2015-02-11  ,  3.32
2015-02-10  ,  3.24
2015-02-09  ,  3.25
2015-02-07  ,  3.09
2015-02-06  ,  3.09
2015-02-05  ,  3.03
2015-02-04  ,  2.92
2015-02-03  ,  2.87
2015-02-02  ,  2.87
2015-02-01  ,  2.88
2015-01-31  ,  2.88
2015-01-30  ,  2.88
2015-01-29  ,  2.84
2015-01-28  ,  2.82
2015-01-27  ,  2.89
2015-01-26  ,  2.91
2015-01-24  ,  2.94
2015-01-23  ,  2.94
2015-01-22  ,  3.28
2015-01-21  ,  3.2
2015-01-20  ,  3.24
2015-01-19  ,  3.24
2015-01-17  ,  3.31
2015-01-16  ,  3.31
2015-01-15  ,  3.43
2015-01-14  ,  3.46
2015-01-13  ,  3.49
2015-01-12  ,  3.59
2015-01-10  ,  3.58
2015-01-09  ,  3.58
2015-01-08  ,  3.53
2015-01-07  ,  3.59
2015-01-06  ,  3.66
2015-01-05  ,  3.74
2015-01-03  ,  3.69
2015-01-02  ,  3.69
2014-12-31  ,  3.69
2014-12-30  ,  3.69
2014-12-29  ,  3.7
2014-12-28  ,  3.7
2014-12-24  ,  3.7
2014-12-23  ,  3.7
2014-12-22  ,  3.73
2014-12-21  ,  3.83
2014-12-20  ,  3.83
2014-12-19  ,  3.83
2014-12-18  ,  3.92
2014-12-17  ,  4.08
2014-12-16  ,  3.86
2014-12-15  ,  3.55
2014-12-14  ,  3.57
2014-12-13  ,  3.57
2014-12-12  ,  3.57
2014-12-11  ,  3.64
2014-12-10  ,  3.65
2014-12-09  ,  3.62
2014-12-08  ,  3.69
2014-12-06  ,  3.69
2014-12-05  ,  3.69
2014-12-04  ,  3.72
2014-12-03  ,  3.72
2014-12-02  ,  3.66
2014-12-01  ,  3.62
2014-11-30  ,  3.62
2014-11-29  ,  3.62
2014-11-28  ,  3.62
2014-11-27  ,  3.66
2014-11-26  ,  3.66
2014-11-25  ,  3.71
2014-11-24  ,  3.69
2014-11-22  ,  3.71
2014-11-21  ,  3.71
2014-11-20  ,  3.81
2014-11-19  ,  3.75
2014-11-18  ,  3.66
2014-11-17  ,  3.73
2014-11-16  ,  3.79
2014-11-15  ,  3.79
2014-11-14  ,  3.79
2014-11-13  ,  3.79
2014-11-12  ,  3.84
2014-11-11  ,  3.89
2014-11-10  ,  3.87
2014-11-08  ,  3.95
2014-11-07  ,  3.95
2014-11-06  ,  3.96
2014-11-05  ,  3.93
2014-11-04  ,  3.96
2014-11-03  ,  3.94
2014-11-01  ,  4.0
2014-10-31  ,  4.0
2014-10-30  ,  4.1
2014-10-29  ,  4.08
2014-10-28  ,  4.13
2014-10-27  ,  4.23
2014-10-25  ,  4.19
2014-10-24  ,  4.19
2014-10-23  ,  4.19
2014-10-22  ,  4.19
2014-10-21  ,  4.17
2014-10-20  ,  4.17
2014-10-18  ,  4.29
2014-10-17  ,  4.29
2014-10-16  ,  4.35
2014-10-15  ,  4.05
2014-10-14  ,  4.18
2014-10-13  ,  4.21
2014-10-11  ,  4.34
2014-10-10  ,  4.34
2014-10-09  ,  4.25
2014-10-08  ,  4.51
2014-10-07  ,  4.59
2014-10-06  ,  4.65
2014-10-04  ,  4.65
2014-10-03  ,  4.65
2014-10-02  ,  4.65
2014-10-01  ,  4.75
2014-09-30  ,  4.73
2014-09-29  ,  4.72
2014-09-27  ,  4.63
2014-09-26  ,  4.63
2014-09-25  ,  4.58
2014-09-24  ,  4.7
2014-09-23  ,  4.71
2014-09-22  ,  4.72
2014-09-20  ,  4.73
2014-09-19  ,  4.73
2014-09-18  ,  4.76
2014-09-17  ,  4.79
2014-09-16  ,  4.83
2014-09-15  ,  4.94
2014-09-13  ,  4.93
2014-09-12  ,  4.93
2014-09-11  ,  4.79
2014-09-10  ,  4.71
2014-09-09  ,  4.61
2014-09-08  ,  4.44
2014-09-06  ,  4.58
2014-09-05  ,  4.58
2014-09-04  ,  4.51
2014-09-03  ,  4.57
2014-09-02  ,  4.64
2014-09-01  ,  4.56
2014-08-31  ,  4.55
2014-08-30  ,  4.55
2014-08-29  ,  4.55
2014-08-28  ,  4.55
2014-08-27  ,  4.43
2014-08-26  ,  4.53
2014-08-25  ,  4.57
2014-08-23  ,  4.57
2014-08-22  ,  4.57
2014-08-21  ,  4.56
2014-08-20  ,  4.6
2014-08-19  ,  4.6
2014-08-18  ,  4.75
2014-08-17  ,  4.88
2014-08-16  ,  4.88
2014-08-15  ,  4.88
2014-08-14  ,  4.87
2014-08-13  ,  5.08
2014-08-12  ,  5.07
2014-08-11  ,  5.08
2014-08-10  ,  5.09
2014-08-09  ,  5.09
2014-08-08  ,  5.09
2014-08-07  ,  5.12
2014-08-06  ,  5.28
2014-08-05  ,  5.09
2014-08-04  ,  4.89
2014-08-02  ,  5.06
2014-08-01  ,  5.06
2014-07-31  ,  4.83
2014-07-30  ,  4.52
2014-07-29  ,  4.53
2014-07-28  ,  4.33
2014-07-27  ,  4.3
2014-07-26  ,  4.3
2014-07-25  ,  4.3
2014-07-24  ,  4.32
2014-07-23  ,  4.25
2014-07-22  ,  4.28
2014-07-21  ,  4.29
2014-07-20  ,  4.42
2014-07-19  ,  4.42
2014-07-18  ,  4.42
2014-07-17  ,  4.48
2014-07-16  ,  4.5
2014-07-15  ,  4.49
2014-07-14  ,  4.45
2014-07-12  ,  4.41
2014-07-11  ,  4.41
2014-07-10  ,  4.37
2014-07-09  ,  4.38
2014-07-08  ,  4.42
2014-07-07  ,  4.47
2014-07-05  ,  4.47
2014-07-04  ,  4.47
2014-07-03  ,  4.49
2014-07-02  ,  4.45
2014-07-01  ,  4.53
2014-06-30  ,  4.48
2014-06-28  ,  4.31
2014-06-27  ,  4.31
2014-06-26  ,  4.35
2014-06-25  ,  4.58
2014-06-24  ,  4.59
2014-06-23  ,  4.67
2014-06-22  ,  4.65
2014-06-21  ,  4.65
2014-06-20  ,  4.65
2014-06-19  ,  4.61
2014-06-18  ,  4.67
2014-06-17  ,  4.58
2014-06-16  ,  4.62
2014-06-14  ,  4.56
2014-06-13  ,  4.56
2014-06-12  ,  4.56
2014-06-11  ,  4.52
2014-06-10  ,  4.49
2014-06-09  ,  4.5
2014-06-07  ,  4.5
2014-06-06  ,  4.5
2014-06-05  ,  4.82
2014-06-04  ,  4.89
2014-06-03  ,  4.78
2014-06-02  ,  4.66
2014-05-31  ,  4.81
2014-05-30  ,  4.81
2014-05-29  ,  4.78
2014-05-28  ,  4.96
2014-05-27  ,  4.93
2014-05-26  ,  4.89
2014-05-25  ,  4.98
2014-05-24  ,  4.98
2014-05-23  ,  4.98
2014-05-22  ,  5.1
2014-05-21  ,  5.15
2014-05-20  ,  5.14
2014-05-19  ,  5.09
2014-05-17  ,  5.03
2014-05-16  ,  5.03
2014-05-15  ,  4.9
2014-05-14  ,  5.1
2014-05-13  ,  5.24
2014-05-12  ,  5.25
2014-05-10  ,  5.26
2014-05-09  ,  5.26
2014-05-08  ,  5.29
2014-05-07  ,  5.4
2014-05-06  ,  5.43
2014-05-05  ,  5.45
2014-05-03  ,  5.45
2014-05-02  ,  5.45
2014-05-01  ,  5.45
2014-04-30  ,  5.45
2014-04-29  ,  5.56
2014-04-28  ,  5.71
2014-04-27  ,  5.65
2014-04-26  ,  5.65
2014-04-25  ,  5.65
2014-04-24  ,  5.59
2014-04-23  ,  5.69
2014-04-22  ,  5.66
2014-04-21  ,  5.68
2014-04-19  ,  5.68
2014-04-18  ,  5.68
2014-04-17  ,  5.68
2014-04-16  ,  5.73
2014-04-15  ,  5.74
2014-04-14  ,  5.73
2014-04-12  ,  5.68
2014-04-11  ,  5.68
2014-04-10  ,  5.68
2014-04-09  ,  5.74
2014-04-08  ,  5.61
2014-04-07  ,  5.64
2014-04-05  ,  5.67
2014-04-04  ,  5.67
2014-04-03  ,  5.71
2014-04-02  ,  5.68
2014-04-01  ,  5.64
2014-03-31  ,  5.64
2014-03-29  ,  5.68
2014-03-28  ,  5.68
2014-03-27  ,  5.89
2014-03-26  ,  5.89
2014-03-25  ,  5.92
2014-03-24  ,  5.92
2014-03-22  ,  5.87
2014-03-21  ,  5.87
2014-03-20  ,  5.85
2014-03-19  ,  5.88
2014-03-18  ,  5.91
2014-03-17  ,  5.98
2014-03-15  ,  6.04
2014-03-14  ,  6.04
2014-03-13  ,  6.02
2014-03-12  ,  6.08
2014-03-11  ,  6.02
2014-03-10  ,  6.01
2014-03-09  ,  5.91
2014-03-08  ,  5.91
2014-03-07  ,  5.91
2014-03-06  ,  5.85
2014-03-05  ,  5.91
2014-03-04  ,  5.96
2014-03-03  ,  6.21
2014-03-01  ,  6.11
2014-02-28  ,  6.11
2014-02-27  ,  6.13
2014-02-26  ,  6.08
2014-02-25  ,  6.06
2014-02-24  ,  6.11
2014-02-22  ,  6.12
2014-02-21  ,  6.12
2014-02-20  ,  6.3
2014-02-19  ,  6.31
2014-02-18  ,  6.18
2014-02-17  ,  6.11
2014-02-15  ,  6.05
2014-02-14  ,  6.05
2014-02-13  ,  6.09
2014-02-12  ,  6.08
2014-02-11  ,  6.13
2014-02-10  ,  6.15
2014-02-08  ,  6.09
2014-02-07  ,  6.09
2014-02-06  ,  6.05
2014-02-05  ,  6.03
2014-02-04  ,  6.17
2014-02-03  ,  6.27
2014-02-01  ,  6.3
2014-01-31  ,  6.3
2014-01-30  ,  6.29
2014-01-29  ,  6.13
2014-01-28  ,  5.78
2014-01-27  ,  5.8
2014-01-25  ,  5.76
2014-01-24  ,  5.76
2014-01-23  ,  5.51
2014-01-22  ,  5.5
2014-01-21  ,  5.57
2014-01-20  ,  5.51
2014-01-18  ,  5.44
2014-01-17  ,  5.44
2014-01-16  ,  5.54
2014-01-15  ,  5.54
2014-01-14  ,  5.56
2014-01-13  ,  5.53
2014-01-11  ,  5.6
2014-01-10  ,  5.6
2014-01-09  ,  5.56
2014-01-08  ,  5.66
2014-01-07  ,  5.68
2014-01-06  ,  5.69
2014-01-04  ,  5.7
2014-01-03  ,  5.7
2014-01-02  ,  5.74
2014-01-01  ,  5.71
2013-12-31  ,  5.71
2013-12-30  ,  5.71
2013-12-28  ,  5.64
2013-12-27  ,  5.64
2013-12-26  ,  5.64
2013-12-25  ,  5.64
2013-12-24  ,  5.64
2013-12-23  ,  5.64
2013-12-21  ,  5.8
2013-12-20  ,  5.8
2013-12-19  ,  5.77
2013-12-18  ,  5.75
2013-12-17  ,  5.75
2013-12-16  ,  5.78
2013-12-14  ,  5.92
2013-12-13  ,  5.92
2013-12-12  ,  5.91
2013-12-11  ,  5.89
2013-12-10  ,  5.85
2013-12-09  ,  5.84
2013-12-07  ,  5.9
2013-12-06  ,  5.9
2013-12-05  ,  5.96
2013-12-04  ,  6.1
2013-12-03  ,  6.16
2013-12-02  ,  6.17
2013-11-30  ,  6.17
2013-11-29  ,  6.17
2013-11-28  ,  6.09
2013-11-27  ,  6.01
2013-11-26  ,  6.01
2013-11-25  ,  6.04
2013-11-23  ,  5.99
2013-11-22  ,  5.99
2013-11-21  ,  6.01
2013-11-20  ,  5.95
2013-11-19  ,  5.84
2013-11-18  ,  5.85
2013-11-17  ,  5.9
2013-11-16  ,  5.9
2013-11-15  ,  5.9
2013-11-14  ,  5.89
2013-11-13  ,  5.96
2013-11-12  ,  6.17
2013-11-11  ,  5.96
2013-11-09  ,  5.79
2013-11-08  ,  5.79
2013-11-07  ,  5.7
2013-11-06  ,  5.75
2013-11-05  ,  5.64
2013-11-04  ,  5.63
2013-11-03  ,  5.55
2013-11-02  ,  5.55
2013-11-01  ,  5.55
2013-10-31  ,  5.55
2013-10-30  ,  5.46
2013-10-29  ,  5.42
2013-10-28  ,  5.46
2013-10-27  ,  5.46
2013-10-26  ,  5.46
2013-10-25  ,  5.46
2013-10-24  ,  5.45
2013-10-23  ,  5.56
2013-10-22  ,  5.45
2013-10-21  ,  5.47
2013-10-19  ,  5.6
2013-10-18  ,  5.6
2013-10-17  ,  5.65
2013-10-16  ,  5.74
2013-10-15  ,  5.73
2013-10-14  ,  5.72
2013-10-12  ,  5.7
2013-10-11  ,  5.7
2013-10-10  ,  5.78
2013-10-09  ,  5.84
2013-10-08  ,  5.81
2013-10-07  ,  5.88
2013-10-06  ,  5.9
2013-10-05  ,  5.9
2013-10-04  ,  5.9
2013-10-03  ,  5.84
2013-10-02  ,  5.87
2013-10-01  ,  5.88
2013-09-30  ,  5.93
2013-09-29  ,  5.95
2013-09-28  ,  5.95
2013-09-27  ,  5.95
2013-09-26  ,  5.88
2013-09-25  ,  5.82
2013-09-24  ,  5.86
2013-09-23  ,  5.91
2013-09-22  ,  5.9
2013-09-21  ,  5.9
2013-09-20  ,  5.9
2013-09-19  ,  5.71
2013-09-18  ,  6.08
2013-09-17  ,  6.15
2013-09-16  ,  6.09
2013-09-15  ,  6.27
2013-09-14  ,  6.27
2013-09-13  ,  6.27
2013-09-12  ,  6.43
2013-09-11  ,  6.45
2013-09-10  ,  6.62
2013-09-09  ,  6.74
2013-09-08  ,  6.83
2013-09-07  ,  6.83
2013-09-06  ,  6.83
2013-09-05  ,  6.83
2013-09-04  ,  6.69
2013-09-03  ,  6.7
2013-09-02  ,  6.66
2013-09-01  ,  6.68
2013-08-31  ,  6.68
2013-08-30  ,  6.68
2013-08-29  ,  6.71
2013-08-28  ,  6.74
2013-08-27  ,  6.52
2013-08-26  ,  6.52
2013-08-24  ,  6.5
2013-08-23  ,  6.5
2013-08-22  ,  6.5
2013-08-21  ,  6.49
2013-08-20  ,  6.58
2013-08-19  ,  6.58
2013-08-17  ,  6.58
2013-08-16  ,  6.58
2013-08-15  ,  6.33
2013-08-14  ,  6.32
2013-08-13  ,  6.26
2013-08-12  ,  6.19
2013-08-11  ,  6.19
2013-08-10  ,  6.19
2013-08-09  ,  6.19
2013-08-08  ,  6.27
2013-08-07  ,  6.24
2013-08-06  ,  6.22
2013-08-05  ,  6.32
2013-08-03  ,  6.42
2013-08-02  ,  6.42
2013-08-01  ,  6.27
2013-07-31  ,  6.53
2013-07-30  ,  6.47
2013-07-29  ,  6.27
2013-07-27  ,  6.08
2013-07-26  ,  6.08
2013-07-25  ,  6.13
2013-07-24  ,  5.97
2013-07-23  ,  5.95
2013-07-22  ,  5.97
2013-07-20  ,  5.98
2013-07-19  ,  5.98
2013-07-18  ,  5.82
2013-07-17  ,  5.81
2013-07-16  ,  5.71
2013-07-15  ,  5.72
2013-07-13  ,  5.74
2013-07-12  ,  5.74
2013-07-11  ,  5.77
2013-07-10  ,  5.73
2013-07-09  ,  5.67
2013-07-08  ,  5.67
2013-07-06  ,  5.56
2013-07-05  ,  5.56
2013-07-04  ,  5.69
2013-07-03  ,  5.73
2013-07-02  ,  5.68
2013-07-01  ,  6.06
2013-06-29  ,  6.24
2013-06-28  ,  6.24
2013-06-27  ,  6.44
2013-06-26  ,  6.77
2013-06-25  ,  6.68
2013-06-24  ,  6.87
2013-06-23  ,  6.45
2013-06-22  ,  6.45
2013-06-21  ,  6.45
2013-06-20  ,  6.31
2013-06-19  ,  5.95
2013-06-18  ,  5.87
2013-06-17  ,  5.77
2013-06-16  ,  5.83
2013-06-15  ,  5.83
2013-06-14  ,  5.83
2013-06-13  ,  6.18
2013-06-12  ,  6.16
2013-06-11  ,  6.5
2013-06-10  ,  6.05
2013-06-08  ,  5.95
2013-06-07  ,  5.95
2013-06-06  ,  5.92
2013-06-05  ,  5.72
2013-06-04  ,  5.49
2013-06-03  ,  5.72
2013-06-01  ,  5.76
2013-05-31  ,  5.76
2013-05-30  ,  5.6
2013-05-29  ,  5.29
2013-05-28  ,  5.16
2013-05-27  ,  5.22
2013-05-25  ,  5.16
2013-05-24  ,  5.16
2013-05-23  ,  5.21
2013-05-22  ,  5.12
2013-05-21  ,  5.1
2013-05-20  ,  5.0
2013-05-18  ,  5.0
2013-05-17  ,  5.0
2013-05-16  ,  5.01
2013-05-15  ,  5.09
2013-05-14  ,  5.23
2013-05-13  ,  5.21
2013-05-11  ,  5.21
2013-05-10  ,  5.21
2013-05-09  ,  5.06
2013-05-08  ,  5.1
2013-05-07  ,  5.16
2013-05-06  ,  5.15
2013-05-04  ,  5.07
2013-05-03  ,  5.07
2013-05-02  ,  5.31
2013-05-01  ,  5.44
2013-04-30  ,  5.44
2013-04-29  ,  5.54
2013-04-27  ,  5.61
2013-04-26  ,  5.61
2013-04-25  ,  5.49
2013-04-24  ,  5.43
2013-04-23  ,  5.45
2013-04-22  ,  5.62
2013-04-20  ,  5.61
2013-04-19  ,  5.61
2013-04-18  ,  5.65
2013-04-17  ,  5.68
2013-04-16  ,  5.65
2013-04-15  ,  5.68
2013-04-13  ,  5.8
2013-04-12  ,  5.8
2013-04-11  ,  5.87
2013-04-10  ,  5.91
2013-04-09  ,  5.92
2013-04-08  ,  5.95
2013-04-06  ,  6.14
2013-04-05  ,  6.14
2013-04-04  ,  6.11
2013-04-03  ,  6.23
2013-04-02  ,  6.35
2013-03-30  ,  6.39
2013-03-29  ,  6.39
2013-03-28  ,  6.39
2013-03-27  ,  6.39
2013-03-26  ,  6.5
2013-03-25  ,  6.57
2013-03-23  ,  6.63
2013-03-22  ,  6.63
2013-03-21  ,  6.55
2013-03-20  ,  6.59
2013-03-19  ,  6.61
2013-03-18  ,  6.65
2013-03-17  ,  6.62
2013-03-16  ,  6.62
2013-03-15  ,  6.62
2013-03-14  ,  6.62
2013-03-13  ,  6.64
2013-03-12  ,  6.54
2013-03-11  ,  6.53
2013-03-09  ,  6.45
2013-03-08  ,  6.45
2013-03-07  ,  6.45
2013-03-06  ,  6.42
2013-03-05  ,  6.43
2013-03-04  ,  6.32
2013-03-02  ,  6.26
2013-03-01  ,  6.26
2013-02-28  ,  6.37
2013-02-27  ,  6.38
2013-02-26  ,  6.36
2013-02-25  ,  6.31
2013-02-23  ,  6.31
2013-02-22  ,  6.31
2013-02-21  ,  6.34
2013-02-20  ,  6.31
2013-02-19  ,  6.17
2013-02-18  ,  6.38
2013-02-17  ,  6.44
2013-02-16  ,  6.44
2013-02-15  ,  6.44
2013-02-14  ,  6.4
2013-02-13  ,  6.4
2013-02-12  ,  6.47
2013-02-11  ,  6.49
2013-02-10  ,  6.55
2013-02-09  ,  6.55
2013-02-08  ,  6.55
2013-02-07  ,  6.58
2013-02-06  ,  6.58
2013-02-05  ,  6.5
2013-02-04  ,  6.43
2013-02-02  ,  6.46
2013-02-01  ,  6.46
2013-01-31  ,  6.46
2013-01-30  ,  6.52
2013-01-29  ,  6.54
2013-01-28  ,  6.56
2013-01-26  ,  6.53
2013-01-25  ,  6.53
2013-01-24  ,  6.39
2013-01-23  ,  6.42
2013-01-22  ,  6.41
2013-01-21  ,  6.36
2013-01-19  ,  6.34
2013-01-18  ,  6.34
2013-01-17  ,  6.31
2013-01-16  ,  6.29
2013-01-15  ,  6.22
2013-01-14  ,  6.29
2013-01-13  ,  6.34
2013-01-12  ,  6.34
2013-01-11  ,  6.34
2013-01-10  ,  6.17
2013-01-09  ,  6.24
2013-01-08  ,  6.25
2013-01-07  ,  6.27
2013-01-05  ,  6.45
2013-01-04  ,  6.45
2013-01-03  ,  6.05
2013-01-02  ,  6.2
2013-01-01  ,  6.23
2012-12-31  ,  6.23
2012-12-30  ,  6.23
2012-12-29  ,  6.23
2012-12-28  ,  6.23
2012-12-27  ,  6.24
2012-12-26  ,  6.22
2012-12-25  ,  6.22
2012-12-24  ,  6.22
2012-12-23  ,  6.22
2012-12-22  ,  6.22
2012-12-21  ,  6.22
2012-12-20  ,  6.28
2012-12-19  ,  6.45
2012-12-18  ,  6.56
2012-12-17  ,  6.52
2012-12-15  ,  6.51
2012-12-14  ,  6.51
2012-12-13  ,  6.46
2012-12-12  ,  6.51
2012-12-11  ,  6.39
2012-12-10  ,  6.67
2012-12-08  ,  6.81
2012-12-07  ,  6.81
2012-12-06  ,  6.87
2012-12-05  ,  6.92
2012-12-04  ,  6.96
2012-12-03  ,  6.94
2012-12-01  ,  6.94
2012-11-30  ,  6.94
2012-11-29  ,  6.98
2012-11-28  ,  7.03
2012-11-27  ,  7.03
2012-11-26  ,  7.05
2012-11-24  ,  6.98
2012-11-23  ,  6.98
2012-11-22  ,  7.0
2012-11-21  ,  7.02
2012-11-20  ,  6.94
2012-11-19  ,  6.96
2012-11-17  ,  6.93
2012-11-16  ,  6.93
2012-11-15  ,  6.93
2012-11-14  ,  6.95
2012-11-13  ,  7.01
2012-11-12  ,  6.97
2012-11-10  ,  7.03
2012-11-09  ,  7.03
2012-11-08  ,  7.07
2012-11-07  ,  6.92
2012-11-06  ,  6.98
2012-11-05  ,  6.99
2012-11-03  ,  7.0
2012-11-02  ,  7.0
2012-11-01  ,  7.0
2012-10-31  ,  7.0
2012-10-30  ,  7.04
2012-10-29  ,  7.24
2012-10-27  ,  6.87
2012-10-26  ,  6.87
2012-10-25  ,  6.68
2012-10-24  ,  6.67
2012-10-23  ,  6.72
2012-10-22  ,  6.72
2012-10-19  ,  6.72
2012-10-18  ,  6.63
2012-10-17  ,  6.8
2012-10-16  ,  6.61
2012-10-15  ,  6.81
2012-10-13  ,  6.92
2012-10-12  ,  6.92
2012-10-11  ,  7.19
2012-10-10  ,  7.27
2012-10-09  ,  7.29
2012-10-08  ,  7.32
2012-10-06  ,  7.38
2012-10-05  ,  7.38
2012-10-04  ,  7.51
2012-10-03  ,  7.49
2012-10-02  ,  7.48
2012-10-01  ,  7.43
2012-09-29  ,  7.36
2012-09-28  ,  7.36
2012-09-27  ,  7.38
2012-09-26  ,  7.36
2012-09-25  ,  7.3
2012-09-24  ,  7.36
2012-09-23  ,  7.37
2012-09-22  ,  7.37
2012-09-21  ,  7.37
2012-09-20  ,  7.41
2012-09-19  ,  7.39
2012-09-18  ,  7.4
2012-09-17  ,  7.36
2012-09-15  ,  7.28
2012-09-14  ,  7.28
2012-09-13  ,  7.41
2012-09-12  ,  7.39
2012-09-11  ,  7.47
2012-09-10  ,  7.49
2012-09-08  ,  7.59
2012-09-07  ,  7.59
2012-09-06  ,  7.47
2012-09-05  ,  7.45
2012-09-04  ,  7.39
2012-09-03  ,  7.4
2012-09-01  ,  7.37
2012-08-31  ,  7.37
2012-08-30  ,  7.52
2012-08-29  ,  7.52
2012-08-28  ,  7.52
2012-08-27  ,  7.49
2012-08-25  ,  7.48
2012-08-24  ,  7.48
2012-08-23  ,  7.43
2012-08-22  ,  7.48
2012-08-21  ,  7.47
2012-08-20  ,  7.51
2012-08-18  ,  7.51
2012-08-17  ,  7.51
2012-08-16  ,  7.51
2012-08-15  ,  7.5
2012-08-14  ,  7.51
2012-08-13  ,  7.49
2012-08-11  ,  7.48
2012-08-10  ,  7.48
2012-08-09  ,  7.42
2012-08-08  ,  7.54
2012-08-07  ,  7.43
2012-08-06  ,  7.41
2012-08-05  ,  7.54
2012-08-04  ,  7.54
2012-08-03  ,  7.54
2012-08-02  ,  7.51
2012-08-01  ,  7.52
2012-07-31  ,  7.49
2012-07-30  ,  7.48
2012-07-28  ,  7.59
2012-07-27  ,  7.59
2012-07-26  ,  7.72
2012-07-25  ,  7.76
2012-07-24  ,  7.44
2012-07-23  ,  7.42
2012-07-21  ,  7.3
2012-07-20  ,  7.3
2012-07-19  ,  7.25
2012-07-18  ,  7.46
2012-07-17  ,  7.37
2012-07-16  ,  7.43
2012-07-14  ,  7.74
2012-07-13  ,  7.74
2012-07-12  ,  7.97
2012-07-11  ,  8.03
2012-07-10  ,  8.01
2012-07-09  ,  8.02
2012-07-08  ,  7.97
2012-07-07  ,  7.97
2012-07-06  ,  7.97
2012-07-05  ,  7.87
2012-07-04  ,  7.87
2012-07-03  ,  7.94
2012-07-02  ,  7.92
2012-07-01  ,  8.02
2012-06-30  ,  8.02
2012-06-29  ,  8.02
2012-06-28  ,  7.99
2012-06-27  ,  8.12
2012-06-26  ,  8.09
2012-06-25  ,  8.14
2012-06-24  ,  8.13
2012-06-22  ,  8.13
2012-06-21  ,  8.05
2012-06-20  ,  8.17
2012-06-19  ,  8.2
2012-06-18  ,  8.31
2012-06-17  ,  8.57
2012-06-16  ,  8.57
2012-06-15  ,  8.57
2012-06-14  ,  8.63
2012-06-13  ,  8.61
2012-06-12  ,  8.58
2012-06-11  ,  8.55
2012-06-10  ,  8.49
2012-06-08  ,  8.49
2012-06-07  ,  8.4
2012-06-06  ,  8.85
2012-06-05  ,  8.95
2012-06-04  ,  8.98
2012-06-03  ,  9.07
2012-06-01  ,  8.86
2012-05-31  ,  8.68
2012-05-30  ,  8.62
2012-05-29  ,  8.63
2012-05-28  ,  8.63
2012-05-27  ,  8.63
2012-05-26  ,  8.63
2012-05-25  ,  8.69
2012-05-24  ,  8.76
2012-05-23  ,  8.56
2012-05-22  ,  8.62
2012-05-21  ,  8.69
2012-05-20  ,  8.69
2012-05-19  ,  8.69
2012-05-18  ,  8.64
2012-05-17  ,  8.58
2012-05-16  ,  8.37
2012-05-15  ,  8.39
2012-05-14  ,  8.35
2012-05-13  ,  8.35
2012-05-11  ,  8.35
2012-05-10  ,  8.34
2012-05-09  ,  8.23
2012-05-08  ,  8.25
2012-05-07  ,  8.14
2012-05-06  ,  8.14
2012-05-05  ,  8.14
2012-05-04  ,  8.11
2012-05-03  ,  8.12
2012-05-02  ,  8.13
2012-05-01  ,  8.13
2012-04-30  ,  8.13
2012-04-29  ,  8.13
2012-04-27  ,  8.11
2012-04-26  ,  8.12
2012-04-25  ,  9.05
2012-04-24  ,  9.04
2012-04-23  ,  8.98
2012-04-22  ,  8.98
2012-04-21  ,  8.98
2012-04-20  ,  9.02
2012-04-19  ,  9.03
2012-04-18  ,  9.11
2012-04-17  ,  9.13
2012-04-16  ,  9.12
2012-04-15  ,  9.12
2012-04-14  ,  9.12
2012-04-13  ,  9.06
2012-04-12  ,  9.12
2012-04-11  ,  9.19
2012-04-10  ,  9.18
2012-04-09  ,  9.18
2012-04-08  ,  9.18
2012-04-07  ,  9.18
2012-04-06  ,  9.18
2012-04-05  ,  9.12
2012-04-04  ,  9.01
2012-04-03  ,  9.04
2012-04-02  ,  9.21
2012-04-01  ,  9.21
2012-03-31  ,  9.21
2012-03-30  ,  9.16
2012-03-29  ,  9.08
2012-03-28  ,  8.97
2012-03-27  ,  9.09
2012-03-26  ,  9.08
2012-03-25  ,  9.08
2012-03-24  ,  9.08
2012-03-23  ,  9.08
2012-03-22  ,  9.03
2012-03-21  ,  8.88
2012-03-20  ,  8.84
2012-03-19  ,  8.77
2012-03-18  ,  8.76
2012-03-17  ,  8.76
2012-03-16  ,  8.76
2012-03-15  ,  8.76
2012-03-14  ,  8.76
2012-03-13  ,  8.81
2012-03-12  ,  8.83
2012-03-11  ,  8.8
2012-03-10  ,  8.8
2012-03-09  ,  8.8
2012-03-08  ,  8.78
2012-03-07  ,  8.85
2012-03-06  ,  8.79
2012-03-05  ,  8.75
2012-03-04  ,  8.58
2012-03-03  ,  8.58
2012-03-02  ,  8.58
2012-03-01  ,  8.55
2012-02-29  ,  8.72
2012-02-28  ,  8.88
2012-02-27  ,  9.01
2012-02-25  ,  8.8
2012-02-24  ,  8.8
2012-02-23  ,  8.98
2012-02-22  ,  8.97
2012-02-21  ,  8.64
2012-02-20  ,  8.53
2012-02-19  ,  8.57
2012-02-18  ,  8.57
2012-02-17  ,  8.57
2012-02-16  ,  8.65
2012-02-15  ,  8.42
2012-02-14  ,  8.76
2012-02-13  ,  8.65
2012-02-10  ,  8.8
2012-02-09  ,  8.6
2012-02-08  ,  8.46
2012-02-07  ,  8.68
2012-02-06  ,  8.75
2012-02-03  ,  8.85
2012-02-02  ,  8.94
2012-02-01  ,  9.03
2012-01-31  ,  9.04
2012-01-30  ,  9.08
2012-01-27  ,  8.92
2012-01-26  ,  8.9
2012-01-25  ,  9.05
2012-01-24  ,  9.29
2012-01-23  ,  9.41
2012-01-20  ,  9.46
2012-01-19  ,  9.33
2012-01-18  ,  9.63
2012-01-17  ,  9.8
2012-01-16  ,  9.63
2012-01-13  ,  9.44
2012-01-12  ,  9.63
2012-01-11  ,  9.88
2012-01-10  ,  9.84
2012-01-09  ,  10.13
2012-01-06  ,  10.83
2012-01-05  ,  10.73
2012-01-04  ,  10.47
2012-01-03  ,  10.19
2012-01-02  ,  9.9
2011-12-30  ,  9.94
2011-12-29  ,  9.53
2011-12-28  ,  9.44
2011-12-27  ,  9.45
2011-12-23  ,  9.45
2011-12-22  ,  9.01
2011-12-21  ,  9.11
2011-12-20  ,  9.15
2011-12-19  ,  9.12
2011-12-16  ,  9.07
2011-12-15  ,  9.07
2011-12-14  ,  9.0
2011-12-13  ,  9.09
2011-12-12  ,  8.94
2011-12-09  ,  8.83
2011-12-08  ,  8.69
2011-12-07  ,  8.61
2011-12-06  ,  8.54
2011-12-05  ,  8.67
2011-12-02  ,  8.84
2011-12-01  ,  9.07
2011-11-30  ,  9.47
2011-11-29  ,  9.18
2011-11-28  ,  9.71
2011-11-25  ,  8.98
2011-11-24  ,  8.69
2011-11-23  ,  8.46
2011-11-22  ,  8.53
2011-11-21  ,  8.45
2011-11-18  ,  8.89
2011-11-17  ,  8.85
2011-11-16  ,  8.78
2011-11-15  ,  8.79
2011-11-14  ,  8.48
2011-11-11  ,  8.37
2011-11-10  ,  8.36
2011-11-09  ,  8.25
2011-11-08  ,  8.25
2011-11-07  ,  8.19
2011-11-04  ,  8.31
2011-11-03  ,  8.18
2011-11-02  ,  7.94
2011-11-01  ,  8.06
2011-10-31  ,  8.06
2011-10-28  ,  8.06
2011-10-27  ,  7.9
2011-10-26  ,  7.9
2011-10-25  ,  7.93
2011-10-24  ,  8.13
2011-10-21  ,  8.02
2011-10-20  ,  7.91
2011-10-19  ,  7.97
2011-10-18  ,  7.78
2011-10-17  ,  7.83
2011-10-14  ,  7.83
2011-10-13  ,  7.8
2011-10-12  ,  7.98
2011-10-11  ,  7.96
2011-10-10  ,  8.12
2011-10-07  ,  8.16
2011-10-06  ,  8.35
2011-10-05  ,  8.61
2011-10-04  ,  8.42
2011-10-03  ,  8.29
2011-09-30  ,  8.2
2011-09-29  ,  8.0
2011-09-28  ,  7.94
2011-09-27  ,  8.36
2011-09-26  ,  8.47
2011-09-23  ,  8.27
2011-09-22  ,  8.19
2011-09-21  ,  8.09
2011-09-20  ,  7.93
2011-09-19  ,  7.74
2011-09-16  ,  7.78
2011-09-15  ,  7.81
2011-09-14  ,  7.55
2011-09-13  ,  7.62
2011-09-12  ,  7.27
2011-09-09  ,  7.07
2011-09-08  ,  7.07
2011-09-07  ,  7.21
2011-09-06  ,  7.48
2011-09-05  ,  7.49
2011-09-02  ,  7.48
2011-09-01  ,  7.5
2011-08-31  ,  7.49
2011-08-30  ,  7.49
2011-08-29  ,  7.55
2011-08-26  ,  7.49
2011-08-25  ,  7.35
2011-08-24  ,  7.28
2011-08-23  ,  7.36
2011-08-22  ,  7.4
2011-08-19  ,  7.19
2011-08-18  ,  7.37
2011-08-17  ,  7.65
2011-08-16  ,  7.75
2011-08-15  ,  7.76
2011-08-12  ,  7.87
2011-08-11  ,  7.94
2011-08-10  ,  8.14
2011-08-09  ,  8.13
2011-08-08  ,  8.18
2011-08-05  ,  7.82
2011-08-04  ,  7.82
2011-08-03  ,  7.69
2011-08-02  ,  7.61
2011-08-01  ,  7.65
2011-07-29  ,  7.58
2011-07-28  ,  7.53
2011-07-27  ,  7.52
2011-07-26  ,  7.56
2011-07-25  ,  7.49
2011-07-22  ,  7.51
2011-07-21  ,  7.51
2011-07-20  ,  7.52
2011-07-19  ,  7.56
2011-07-18  ,  7.53
2011-07-15  ,  7.51
2011-07-14  ,  7.54
2011-07-13  ,  7.54
2011-07-12  ,  7.4
2011-07-11  ,  7.36
2011-07-08  ,  7.43
2011-07-07  ,  7.43
2011-07-06  ,  7.44
2011-07-05  ,  7.46
2011-07-04  ,  7.46
2011-07-01  ,  7.45
2011-06-30  ,  7.49
2011-06-29  ,  7.5
2011-06-28  ,  7.59
2011-06-27  ,  7.55
2011-06-24  ,  7.61
2011-06-23  ,  7.38
2011-06-22  ,  7.4
2011-06-21  ,  7.44
2011-06-20  ,  7.4
2011-06-17  ,  7.48
2011-06-16  ,  7.2
2011-06-15  ,  7.18
2011-06-14  ,  7.19
2011-06-13  ,  7.21
2011-06-10  ,  7.21
2011-06-09  ,  7.2
2011-06-08  ,  7.23
2011-06-07  ,  7.31
2011-06-06  ,  7.31
2011-06-03  ,  7.35
2011-06-02  ,  7.35
2011-06-01  ,  7.34
2011-05-31  ,  7.38
2011-05-30  ,  7.38
2011-05-27  ,  7.3
2011-05-26  ,  7.28
2011-05-25  ,  7.29
2011-05-24  ,  7.28
2011-05-23  ,  7.16
2011-05-20  ,  7.18
2011-05-19  ,  7.29
2011-05-18  ,  7.32
2011-05-17  ,  7.31
2011-05-16  ,  7.26
2011-05-13  ,  7.27
2011-05-12  ,  7.18
2011-05-11  ,  7.22
2011-05-10  ,  7.19
2011-05-09  ,  7.2
2011-05-06  ,  7.25
2011-05-05  ,  7.24
2011-05-04  ,  7.21
2011-05-03  ,  7.15
2011-05-02  ,  7.15
2011-04-29  ,  7.15
2011-04-28  ,  7.16
2011-04-27  ,  7.19
2011-04-26  ,  7.19
2011-04-21  ,  7.18
2011-04-20  ,  7.31
2011-04-19  ,  7.25
2011-04-18  ,  7.24
2011-04-15  ,  7.23
2011-04-14  ,  7.21
2011-04-13  ,  7.2
2011-04-12  ,  7.1
2011-04-11  ,  7.13
2011-04-08  ,  7.16
2011-04-07  ,  7.11
2011-04-06  ,  7.21
2011-04-05  ,  7.31
2011-04-04  ,  7.34
2011-04-01  ,  7.34
2011-03-31  ,  7.36
2011-03-30  ,  7.37
2011-03-29  ,  7.31
2011-03-28  ,  7.31
2011-03-25  ,  7.35
2011-03-24  ,  7.41
2011-03-23  ,  7.43
2011-03-22  ,  7.44
2011-03-21  ,  7.49
2011-03-18  ,  7.53
2011-03-17  ,  7.51
2011-03-16  ,  7.63
2011-03-15  ,  7.59
2011-03-14  ,  7.59
2011-03-11  ,  7.59
2011-03-10  ,  7.54
2011-03-09  ,  7.55
2011-03-08  ,  7.45
2011-03-07  ,  7.45
2011-03-04  ,  7.37
2011-03-03  ,  7.4
2011-03-02  ,  7.45
2011-03-01  ,  7.4
2011-02-28  ,  7.59
2011-02-25  ,  7.64
2011-02-24  ,  7.63
2011-02-23  ,  7.67
2011-02-22  ,  7.62
2011-02-21  ,  7.55
2011-02-18  ,  7.59
2011-02-17  ,  7.6
2011-02-16  ,  7.6
2011-02-15  ,  7.64
2011-02-14  ,  7.67
2011-02-11  ,  7.65
2011-02-10  ,  7.55
2011-02-09  ,  7.44
2011-02-08  ,  7.42
2011-02-07  ,  7.48
2011-02-04  ,  7.39
2011-02-03  ,  7.34
2011-02-02  ,  7.39
2011-02-01  ,  7.47
2011-01-31  ,  7.4
2011-01-28  ,  7.37
2011-01-27  ,  7.43
2011-01-26  ,  7.67
2011-01-25  ,  7.74
2011-01-24  ,  7.76
2011-01-21  ,  7.74
2011-01-20  ,  7.74
2011-01-19  ,  7.73
2011-01-18  ,  7.98
2011-01-17  ,  8.0
2011-01-14  ,  7.96
2011-01-13  ,  8.05
2011-01-12  ,  8.25
2011-01-11  ,  8.32
2011-01-10  ,  8.11
2011-01-07  ,  8.01
2011-01-06  ,  8.01
2011-01-05  ,  7.99
2011-01-04  ,  8.06
2011-01-03  ,  8.09
2010-12-31  ,  8.12
2010-12-30  ,  8.07
2010-12-29  ,  8.01
2010-12-28  ,  8.0
2010-12-27  ,  7.99
2010-12-24  ,  7.99
2010-12-23  ,  7.99
2010-12-22  ,  8.0
2010-12-21  ,  7.94
2010-12-20  ,  7.91
2010-12-17  ,  7.93
2010-12-16  ,  8.02
2010-12-15  ,  8.04
2010-12-14  ,  8.1
2010-12-13  ,  8.05
2010-12-10  ,  8.03
2010-12-09  ,  8.08
2010-12-08  ,  8.1
2010-12-07  ,  8.21
2010-12-06  ,  8.17
2010-12-03  ,  8.23
2010-12-02  ,  8.33
2010-12-01  ,  8.59
2010-11-30  ,  8.33
2010-11-29  ,  8.27
2010-11-26  ,  7.96
2010-11-25  ,  7.81
2010-11-24  ,  7.68
2010-11-23  ,  7.42
2010-11-22  ,  7.44
2010-11-19  ,  7.44
2010-11-18  ,  7.45
2010-11-17  ,  7.39
2010-11-16  ,  7.31
2010-11-15  ,  7.33
2010-11-12  ,  7.31
2010-11-11  ,  7.25
2010-11-10  ,  7.28
2010-11-09  ,  7.2
2010-11-08  ,  7.19
2010-11-05  ,  7.15
2010-11-04  ,  7.13
2010-11-03  ,  7.14
2010-11-02  ,  7.18
2010-11-01  ,  7.23
2010-10-29  ,  7.23
2010-10-28  ,  7.29
2010-10-27  ,  7.15
2010-10-26  ,  7.13
2010-10-25  ,  7.18
2010-10-22  ,  7.16
2010-10-21  ,  7.18
2010-10-20  ,  7.15
2010-10-19  ,  7.1
2010-10-18  ,  7.1
2010-10-15  ,  7.1
2010-10-14  ,  6.81
2010-10-13  ,  6.86
2010-10-12  ,  6.88
2010-10-11  ,  6.89
2010-10-08  ,  6.9
2010-10-07  ,  6.71
2010-10-06  ,  6.79
2010-10-05  ,  6.77
2010-10-04  ,  6.8
2010-10-01  ,  6.94
2010-09-30  ,  6.94
2010-09-29  ,  6.96
2010-09-28  ,  6.94
2010-09-27  ,  7.04
2010-09-24  ,  7.08
2010-09-23  ,  7.01
2010-09-22  ,  7.01
2010-09-21  ,  7.01
2010-09-20  ,  7.04
2010-09-17  ,  7.04
2010-09-16  ,  7.09
2010-09-15  ,  7.03
2010-09-14  ,  7.15
2010-09-13  ,  7.18
2010-09-10  ,  7.22
2010-09-09  ,  7.31
2010-09-08  ,  7.62
2010-09-07  ,  7.52
2010-09-06  ,  7.42
2010-09-03  ,  7.52
2010-09-02  ,  7.52
2010-09-01  ,  7.52
2010-08-31  ,  7.77
2010-08-30  ,  7.46
2010-08-27  ,  7.5
2010-08-26  ,  7.35
2010-08-25  ,  7.06
2010-08-24  ,  7.11
2010-08-23  ,  6.93
2010-08-20  ,  6.77
2010-08-19  ,  6.77
2010-08-18  ,  6.79
2010-08-17  ,  7.04
2010-08-16  ,  7.2
2010-08-13  ,  7.2
2010-08-12  ,  7.23
2010-08-11  ,  7.26
2010-08-10  ,  7.21
2010-08-09  ,  7.24
2010-08-06  ,  7.24
2010-08-05  ,  7.26
2010-08-04  ,  7.34
2010-08-03  ,  7.3
2010-08-02  ,  7.36
2010-07-30  ,  7.38
2010-07-29  ,  7.37
2010-07-28  ,  7.41
2010-07-27  ,  7.41
2010-07-26  ,  7.54
2010-07-23  ,  7.55
2010-07-22  ,  7.49
2010-07-21  ,  7.6
2010-07-20  ,  7.72
2010-07-19  ,  7.65
2010-07-16  ,  7.49
2010-07-15  ,  7.5
2010-07-14  ,  7.48
2010-07-13  ,  7.52
2010-07-12  ,  7.54
2010-07-09  ,  7.49
2010-07-08  ,  7.45
2010-07-07  ,  7.54
2010-07-06  ,  7.55
2010-07-05  ,  7.7
2010-07-02  ,  7.74
2010-07-01  ,  7.8
2010-06-30  ,  7.84
2010-06-29  ,  7.88
2010-06-28  ,  7.79
2010-06-25  ,  7.79
2010-06-24  ,  7.82
2010-06-23  ,  7.75
2010-06-22  ,  7.71
2010-06-21  ,  7.71
2010-06-18  ,  7.76
2010-06-17  ,  7.76
2010-06-16  ,  7.67
2010-06-15  ,  7.63
2010-06-14  ,  7.6
2010-06-11  ,  7.6
2010-06-10  ,  7.72
2010-06-09  ,  7.69
2010-06-08  ,  7.8
2010-06-07  ,  8.56
2010-06-04  ,  8.49
2010-06-03  ,  7.54
2010-06-02  ,  7.5
2010-06-01  ,  7.5
2010-05-31  ,  7.38
2010-05-28  ,  7.35
2010-05-27  ,  7.5
2010-05-26  ,  7.55
2010-05-25  ,  7.48
2010-05-24  ,  7.41
2010-05-21  ,  7.41
2010-05-20  ,  7.31
2010-05-19  ,  7.3
2010-05-18  ,  7.2
2010-05-17  ,  7.27
2010-05-14  ,  7.1
2010-05-13  ,  6.94
2010-05-12  ,  6.93
2010-05-11  ,  7.04
2010-05-10  ,  7.01
2010-05-07  ,  7.67
2010-05-06  ,  7.3
2010-05-05  ,  7.09
2010-05-04  ,  7.0
2010-05-03  ,  6.72
2010-04-30  ,  6.77
2010-04-29  ,  6.88
2010-04-28  ,  6.9
2010-04-27  ,  6.59
2010-04-26  ,  6.54
