2018-06-26  ,  1.054
2018-06-25  ,  1.054
2018-06-23  ,  1.063
2018-06-22  ,  1.063
2018-06-21  ,  1.085
2018-06-20  ,  1.096
2018-06-19  ,  1.101
2018-06-18  ,  1.134
2018-06-17  ,  1.141
2018-06-16  ,  1.141
2018-06-15  ,  1.136
2018-06-14  ,  1.2
2018-06-13  ,  1.193
2018-06-12  ,  1.215
2018-06-11  ,  1.207
2018-06-09  ,  1.191
2018-06-08  ,  1.191
2018-06-07  ,  1.234
2018-06-06  ,  1.212
2018-06-05  ,  1.172
2018-06-04  ,  1.176
2018-06-03  ,  1.185
2018-06-01  ,  1.185
2018-05-31  ,  1.164
2018-05-30  ,  1.165
2018-05-29  ,  1.236
2018-05-28  ,  1.152
2018-05-27  ,  1.141
2018-05-25  ,  1.141
2018-05-24  ,  1.13
2018-05-23  ,  1.117
2018-05-22  ,  1.123
2018-05-21  ,  1.114
2018-05-20  ,  1.114
2018-05-18  ,  1.135
2018-05-17  ,  1.113
2018-05-16  ,  1.113
2018-05-15  ,  1.043
2018-05-14  ,  1.043
2018-05-13  ,  1.043
2018-05-11  ,  1.043
2018-05-10  ,  1.059
2018-05-09  ,  1.059
2018-05-08  ,  1.059
2018-05-07  ,  1.069
2018-05-04  ,  1.072
2018-05-03  ,  1.092
2018-05-02  ,  1.117
2018-05-01  ,  1.121
2018-04-30  ,  1.162
2018-04-27  ,  1.117
2018-04-26  ,  1.162
2018-04-25  ,  1.163
2018-04-24  ,  1.156
2018-04-23  ,  1.156
2018-04-20  ,  1.127
2018-04-19  ,  1.059
2018-04-18  ,  1.059
2018-04-17  ,  1.076
2018-04-16  ,  1.078
2018-04-14  ,  1.06
2018-04-13  ,  1.056
2018-04-12  ,  1.021
2018-04-11  ,  1.009
2018-04-10  ,  1.005
2018-04-09  ,  1.01
2018-04-06  ,  1.005
2018-04-05  ,  0.973
2018-04-04  ,  0.973
2018-04-03  ,  0.984
2018-03-30  ,  0.997
2018-03-29  ,  0.984
2018-03-28  ,  0.979
2018-03-27  ,  1.07
2018-03-26  ,  1.105
2018-03-24  ,  1.101
2018-03-23  ,  1.101
2018-03-22  ,  1.125
2018-03-21  ,  1.182
2018-03-20  ,  1.182
2018-03-19  ,  1.215
2018-03-16  ,  1.201
2018-03-15  ,  1.247
2018-03-14  ,  1.247
2018-03-13  ,  1.246
2018-03-12  ,  1.246
2018-03-09  ,  1.246
2018-03-08  ,  1.241
2018-03-07  ,  1.279
2018-03-06  ,  1.281
2018-03-05  ,  1.308
2018-03-02  ,  1.294
2018-03-01  ,  1.257
2018-02-28  ,  1.33
2018-02-27  ,  1.256
2018-02-26  ,  1.264
2018-02-23  ,  1.256
2018-02-22  ,  1.299
2018-02-21  ,  1.288
2018-02-20  ,  1.285
2018-02-19  ,  1.27
2018-02-18  ,  1.264
2018-02-16  ,  1.284
2018-02-15  ,  1.339
2018-02-14  ,  1.321
2018-02-13  ,  1.266
2018-02-12  ,  1.272
2018-02-09  ,  1.237
2018-02-08  ,  1.227
2018-02-07  ,  1.187
2018-02-06  ,  1.174
2018-02-05  ,  1.193
2018-02-02  ,  1.183
2018-02-01  ,  1.173
2018-01-31  ,  1.157
2018-01-30  ,  1.147
2018-01-29  ,  1.12
2018-01-26  ,  1.084
2018-01-25  ,  1.063
2018-01-24  ,  1.057
2018-01-23  ,  1.033
2018-01-22  ,  1.053
2018-01-19  ,  1.033
2018-01-18  ,  1.033
2018-01-17  ,  1.023
2018-01-16  ,  1.023
2018-01-15  ,  1.021
2018-01-12  ,  1.034
2018-01-11  ,  1.005
2018-01-10  ,  0.841
2018-01-09  ,  0.813
2018-01-08  ,  0.829
2018-01-07  ,  0.853
2018-01-05  ,  0.853
2018-01-04  ,  0.925
2018-01-03  ,  0.912
2018-01-02  ,  0.896
2018-01-01  ,  0.858
2017-12-29  ,  0.858
2017-12-28  ,  0.835
2017-12-27  ,  0.823
2017-12-26  ,  0.838
2017-12-25  ,  0.838
2017-12-22  ,  0.817
2017-12-21  ,  0.799
2017-12-20  ,  0.772
2017-12-19  ,  0.709
2017-12-18  ,  0.73
2017-12-16  ,  0.736
2017-12-15  ,  0.738
2017-12-14  ,  0.726
2017-12-13  ,  0.631
2017-12-12  ,  0.645
2017-12-11  ,  0.632
2017-12-08  ,  0.632
2017-12-07  ,  0.675
2017-12-06  ,  0.676
2017-12-05  ,  0.676
2017-12-04  ,  0.709
2017-12-02  ,  0.742
2017-12-01  ,  0.776
2017-11-30  ,  0.776
2017-11-29  ,  0.779
2017-11-28  ,  0.79
2017-11-27  ,  0.79
2017-11-24  ,  0.852
2017-11-23  ,  0.852
2017-11-22  ,  0.852
2017-11-21  ,  0.852
2017-11-20  ,  0.852
2017-11-17  ,  0.852
2017-11-16  ,  0.853
2017-11-15  ,  0.854
2017-11-14  ,  0.881
2017-11-13  ,  0.87
2017-11-10  ,  0.868
2017-11-09  ,  0.816
2017-11-08  ,  0.816
2017-11-07  ,  0.83
2017-11-06  ,  0.863
2017-11-03  ,  0.877
2017-11-02  ,  0.907
2017-11-01  ,  0.912
2017-10-31  ,  0.912
2017-10-30  ,  0.927
2017-10-29  ,  0.957
2017-10-27  ,  0.957
2017-10-26  ,  0.952
2017-10-25  ,  0.897
2017-10-24  ,  0.893
2017-10-23  ,  0.902
2017-10-22  ,  0.91
2017-10-20  ,  0.883
2017-10-19  ,  0.883
2017-10-18  ,  0.89
2017-10-17  ,  0.89
2017-10-16  ,  0.912
2017-10-13  ,  0.947
2017-10-12  ,  0.96
2017-10-11  ,  0.96
2017-10-10  ,  0.982
2017-10-09  ,  0.965
2017-10-06  ,  0.976
2017-10-05  ,  0.975
2017-10-04  ,  0.977
2017-10-03  ,  1.008
2017-10-02  ,  1.004
2017-09-29  ,  0.997
2017-09-28  ,  1.021
2017-09-27  ,  1.008
2017-09-26  ,  1.002
2017-09-25  ,  1.009
2017-09-22  ,  1.02
2017-09-21  ,  1.043
2017-09-20  ,  1.049
2017-09-19  ,  1.032
2017-09-18  ,  1.038
2017-09-15  ,  1.137
2017-09-14  ,  1.133
2017-09-13  ,  1.024
2017-09-12  ,  0.957
2017-09-11  ,  0.951
2017-09-08  ,  1.044
2017-09-07  ,  0.969
2017-09-06  ,  0.968
2017-09-05  ,  0.977
2017-09-04  ,  0.985
2017-09-01  ,  0.999
2017-08-31  ,  0.989
2017-08-30  ,  0.983
2017-08-29  ,  0.982
2017-08-28  ,  0.993
2017-08-25  ,  1.008
2017-08-24  ,  1.012
2017-08-23  ,  1.023
2017-08-22  ,  1.025
2017-08-21  ,  1.029
2017-08-18  ,  1.038
2017-08-17  ,  1.054
2017-08-16  ,  1.083
2017-08-15  ,  1.072
2017-08-14  ,  1.1
2017-08-11  ,  1.104
2017-08-10  ,  1.109
2017-08-09  ,  1.105
2017-08-08  ,  1.11
2017-08-07  ,  1.217
2017-08-06  ,  1.127
2017-08-04  ,  1.114
2017-08-03  ,  1.117
2017-08-02  ,  1.11
2017-08-01  ,  1.15
2017-07-31  ,  1.168
2017-07-28  ,  1.189
2017-07-27  ,  1.149
2017-07-26  ,  1.16
2017-07-25  ,  1.163
2017-07-24  ,  1.162
2017-07-21  ,  1.16
2017-07-20  ,  1.276
2017-07-19  ,  1.273
2017-07-18  ,  1.276
2017-07-17  ,  1.274
2017-07-16  ,  1.204
2017-07-14  ,  1.189
2017-07-13  ,  1.183
2017-07-12  ,  1.204
2017-07-11  ,  1.214
2017-07-10  ,  1.206
2017-07-07  ,  1.216
2017-07-06  ,  1.193
2017-07-05  ,  1.146
2017-07-04  ,  1.152
2017-07-03  ,  1.157
2017-07-02  ,  1.167
2017-07-01  ,  1.167
2017-06-30  ,  1.166
2017-06-29  ,  1.127
2017-06-28  ,  1.119
2017-06-27  ,  1.042
2017-06-26  ,  1.023
2017-06-25  ,  1.047
2017-06-23  ,  1.059
2017-06-22  ,  1.074
2017-06-21  ,  1.095
2017-06-20  ,  1.104
2017-06-19  ,  1.105
2017-06-16  ,  1.129
2017-06-15  ,  1.127
2017-06-14  ,  1.14
2017-06-13  ,  1.153
2017-06-12  ,  1.157
2017-06-09  ,  1.174
2017-06-08  ,  1.2
2017-06-07  ,  1.202
2017-06-06  ,  1.228
2017-06-05  ,  1.226
2017-06-02  ,  1.224
2017-06-01  ,  1.219
2017-05-31  ,  1.257
2017-05-30  ,  1.29
2017-05-29  ,  0.947
2017-05-26  ,  0.949
2017-05-25  ,  0.948
2017-05-24  ,  0.94
2017-05-23  ,  0.931
2017-05-22  ,  0.943
2017-05-19  ,  0.972
2017-05-18  ,  0.959
2017-05-17  ,  0.967
2017-05-16  ,  0.978
2017-05-15  ,  0.942
2017-05-12  ,  0.941
2017-05-11  ,  0.94
2017-05-10  ,  0.917
2017-05-09  ,  0.914
2017-05-08  ,  0.888
2017-05-07  ,  0.886
2017-05-05  ,  0.896
2017-05-04  ,  0.894
2017-05-03  ,  0.888
2017-05-02  ,  0.87
2017-04-28  ,  0.884
2017-04-27  ,  0.892
2017-04-26  ,  0.885
2017-04-25  ,  0.875
2017-04-24  ,  0.864
2017-04-22  ,  -4.595
2017-04-21  ,  0.868
2017-04-20  ,  0.866
2017-04-19  ,  0.87
2017-04-18  ,  0.881
2017-04-17  ,  0.882
2017-04-13  ,  0.86
2017-04-12  ,  0.906
2017-04-11  ,  0.928
2017-04-10  ,  0.918
2017-04-07  ,  0.921
2017-04-06  ,  0.938
2017-04-05  ,  0.919
2017-04-04  ,  0.909
2017-04-03  ,  0.95
2017-03-31  ,  0.946
2017-03-30  ,  0.953
2017-03-29  ,  0.967
2017-03-28  ,  0.969
2017-03-27  ,  0.971
2017-03-26  ,  0.989
2017-03-24  ,  0.991
2017-03-23  ,  0.992
2017-03-22  ,  1.001
2017-03-21  ,  1.018
2017-03-20  ,  0.994
2017-03-18  ,  0.982
2017-03-17  ,  0.983
2017-03-16  ,  0.999
2017-03-15  ,  1.006
2017-03-14  ,  0.997
2017-03-13  ,  0.993
2017-03-10  ,  0.967
2017-03-09  ,  0.942
2017-03-08  ,  0.941
2017-03-07  ,  0.94
2017-03-06  ,  0.97
2017-03-03  ,  0.987
2017-03-02  ,  1.04
2017-03-01  ,  1.04
2017-02-28  ,  1.044
2017-02-27  ,  1.006
2017-02-24  ,  1.01
2017-02-23  ,  1.014
2017-02-22  ,  1.049
2017-02-21  ,  1.038
2017-02-20  ,  1.038
2017-02-17  ,  1.038
2017-02-16  ,  1.045
2017-02-15  ,  1.045
2017-02-14  ,  1.046
2017-02-13  ,  1.025
2017-02-10  ,  1.04
2017-02-09  ,  1.043
2017-02-08  ,  1.039
2017-02-07  ,  1.025
2017-02-06  ,  1.053
2017-02-03  ,  1.085
2017-02-02  ,  1.03
2017-02-01  ,  1.056
2017-01-31  ,  1.052
2017-01-30  ,  1.069
2017-01-27  ,  1.08
2017-01-26  ,  1.057
2017-01-25  ,  1.04
2017-01-24  ,  1.054
2017-01-23  ,  1.064
2017-01-20  ,  1.087
2017-01-19  ,  1.099
2017-01-18  ,  1.058
2017-01-17  ,  1.061
2017-01-16  ,  0.95
2017-01-13  ,  0.967
2017-01-12  ,  0.953
2017-01-11  ,  0.975
2017-01-10  ,  0.958
2017-01-09  ,  0.95
2017-01-06  ,  0.942
2017-01-05  ,  0.898
2017-01-04  ,  0.897
2017-01-03  ,  0.863
2017-01-02  ,  0.859
2016-12-30  ,  0.842
2016-12-29  ,  0.838
2016-12-28  ,  0.865
2016-12-27  ,  0.868
2016-12-23  ,  0.865
2016-12-22  ,  0.881
2016-12-21  ,  0.879
2016-12-20  ,  0.891
2016-12-19  ,  0.871
2016-12-16  ,  0.883
2016-12-15  ,  1.014
2016-12-14  ,  0.992
2016-12-13  ,  0.999
2016-12-12  ,  1.0
2016-12-09  ,  0.995
2016-12-08  ,  1.013
2016-12-07  ,  1.024
2016-12-06  ,  1.054
2016-12-05  ,  1.121
2016-12-02  ,  1.064
2016-12-01  ,  1.03
2016-11-30  ,  0.974
2016-11-29  ,  0.995
2016-11-28  ,  1.01
2016-11-25  ,  1.032
2016-11-24  ,  1.021
2016-11-23  ,  1.073
2016-11-22  ,  1.018
2016-11-21  ,  1.122
2016-11-18  ,  1.052
2016-11-17  ,  1.014
2016-11-16  ,  1.071
2016-11-15  ,  1.033
2016-11-14  ,  1.079
2016-11-11  ,  0.944
2016-11-10  ,  0.858
2016-11-09  ,  0.756
2016-11-08  ,  0.746
2016-11-07  ,  0.756
2016-11-04  ,  0.777
2016-11-03  ,  0.784
2016-11-02  ,  0.772
2016-11-01  ,  0.808
2016-10-31  ,  0.774
2016-10-28  ,  0.767
2016-10-27  ,  0.75
2016-10-26  ,  0.73
2016-10-25  ,  0.632
2016-10-24  ,  0.623
2016-10-21  ,  0.609
2016-10-20  ,  0.605
2016-10-19  ,  0.602
2016-10-18  ,  0.573
2016-10-17  ,  0.569
2016-10-15  ,  0.559
2016-10-14  ,  0.567
2016-10-13  ,  0.584
2016-10-12  ,  0.622
2016-10-11  ,  0.619
2016-10-10  ,  0.631
2016-10-08  ,  0.651
2016-10-07  ,  0.642
2016-10-06  ,  0.634
2016-10-05  ,  0.632
2016-10-04  ,  0.612
2016-10-03  ,  0.617
2016-10-01  ,  0.637
2016-09-30  ,  0.63
2016-09-29  ,  0.632
2016-09-28  ,  0.621
2016-09-27  ,  0.617
2016-09-26  ,  0.679
2016-09-25  ,  0.712
2016-09-24  ,  0.712
2016-09-23  ,  0.725
2016-09-22  ,  0.739
2016-09-21  ,  0.772
2016-09-20  ,  0.78
2016-09-19  ,  0.798
2016-09-17  ,  0.807
2016-09-16  ,  0.785
2016-09-15  ,  0.817
2016-09-14  ,  0.824
2016-09-13  ,  0.796
2016-09-12  ,  0.811
2016-09-11  ,  0.785
2016-09-10  ,  0.788
2016-09-09  ,  0.78
2016-09-08  ,  0.729
2016-09-07  ,  0.74
2016-09-06  ,  0.767
2016-09-05  ,  0.775
2016-09-03  ,  0.809
2016-09-02  ,  0.796
2016-09-01  ,  0.804
2016-08-31  ,  0.803
2016-08-30  ,  0.782
2016-08-29  ,  0.812
2016-08-28  ,  0.783
2016-08-27  ,  0.783
2016-08-26  ,  0.762
2016-08-25  ,  0.762
2016-08-24  ,  0.77
2016-08-23  ,  0.763
2016-08-22  ,  0.75
2016-08-19  ,  0.747
2016-08-18  ,  0.751
2016-08-17  ,  0.808
2016-08-16  ,  0.8
2016-08-15  ,  0.783
2016-08-14  ,  0.81
2016-08-13  ,  0.81
2016-08-12  ,  0.802
2016-08-11  ,  0.798
2016-08-10  ,  0.827
2016-08-09  ,  0.866
2016-08-08  ,  0.899
2016-08-06  ,  0.917
2016-08-05  ,  0.903
2016-08-04  ,  0.91
2016-08-03  ,  0.934
2016-08-02  ,  0.936
2016-08-01  ,  0.885
2016-07-29  ,  0.886
2016-07-28  ,  0.89
2016-07-27  ,  0.891
2016-07-26  ,  0.867
2016-07-25  ,  0.866
2016-07-22  ,  0.855
2016-07-21  ,  0.826
2016-07-20  ,  0.831
2016-07-19  ,  0.818
2016-07-18  ,  0.848
2016-07-15  ,  0.902
2016-07-14  ,  0.956
2016-07-13  ,  0.992
2016-07-12  ,  0.983
2016-07-11  ,  0.986
2016-07-10  ,  0.979
2016-07-08  ,  0.992
2016-07-07  ,  1.067
2016-07-06  ,  1.065
2016-07-05  ,  1.088
2016-07-04  ,  1.086
2016-07-03  ,  1.075
2016-07-01  ,  1.074
2016-06-30  ,  1.178
2016-06-29  ,  1.185
2016-06-28  ,  1.257
2016-06-27  ,  1.352
2016-06-24  ,  1.342
2016-06-23  ,  1.279
2016-06-22  ,  1.302
2016-06-21  ,  1.349
2016-06-20  ,  1.353
2016-06-17  ,  1.427
2016-06-16  ,  1.44
2016-06-15  ,  1.395
2016-06-14  ,  1.415
2016-06-13  ,  1.365
2016-06-10  ,  1.325
2016-06-09  ,  1.352
2016-06-08  ,  1.375
2016-06-07  ,  1.396
2016-06-06  ,  1.423
2016-06-05  ,  1.387
2016-06-04  ,  1.409
2016-06-03  ,  1.409
2016-06-02  ,  1.441
2016-06-01  ,  1.416
2016-05-31  ,  1.428
2016-05-30  ,  1.444
2016-05-28  ,  1.452
2016-05-27  ,  1.457
2016-05-26  ,  1.477
2016-05-25  ,  1.465
2016-05-24  ,  1.466
2016-05-23  ,  1.469
2016-05-21  ,  1.493
2016-05-20  ,  1.49
2016-05-19  ,  1.507
2016-05-18  ,  1.476
2016-05-17  ,  1.488
2016-05-16  ,  1.513
2016-05-14  ,  1.51
2016-05-13  ,  1.506
2016-05-12  ,  1.497
2016-05-11  ,  1.492
2016-05-10  ,  1.317
2016-05-09  ,  1.378
2016-05-07  ,  1.431
2016-05-06  ,  1.423
2016-05-05  ,  1.429
2016-05-04  ,  1.433
2016-05-03  ,  1.413
2016-05-02  ,  1.401
2016-04-30  ,  1.398
2016-04-29  ,  1.413
2016-04-28  ,  1.404
2016-04-27  ,  1.454
2016-04-26  ,  1.46
2016-04-25  ,  1.453
2016-04-23  ,  1.433
2016-04-22  ,  1.434
2016-04-21  ,  1.419
2016-04-20  ,  1.395
2016-04-19  ,  1.401
2016-04-18  ,  1.369
2016-04-16  ,  1.349
2016-04-15  ,  1.359
2016-04-14  ,  1.361
2016-04-13  ,  1.33
2016-04-12  ,  1.36
2016-04-11  ,  1.354
2016-04-09  ,  1.41
2016-04-08  ,  1.395
2016-04-07  ,  1.381
2016-04-06  ,  1.366
2016-04-05  ,  1.35
2016-04-04  ,  1.339
2016-04-02  ,  1.32
2016-04-01  ,  1.331
2016-03-31  ,  1.352
2016-03-30  ,  1.37
2016-03-29  ,  1.384
2016-03-28  ,  1.4
2016-03-26  ,  1.4
2016-03-25  ,  1.385
2016-03-24  ,  1.385
2016-03-23  ,  1.369
2016-03-22  ,  1.368
2016-03-21  ,  1.376
2016-03-19  ,  1.4
2016-03-18  ,  1.407
2016-03-17  ,  1.427
2016-03-16  ,  1.452
2016-03-15  ,  1.438
2016-03-14  ,  1.418
2016-03-12  ,  1.439
2016-03-11  ,  1.442
2016-03-10  ,  1.523
2016-03-09  ,  1.532
2016-03-08  ,  1.55
2016-03-07  ,  1.565
2016-03-04  ,  1.575
2016-03-03  ,  1.575
2016-03-02  ,  1.589
2016-03-01  ,  1.607
2016-02-29  ,  1.661
2016-02-27  ,  1.682
2016-02-26  ,  1.677
2016-02-25  ,  1.656
2016-02-24  ,  1.618
2016-02-23  ,  1.636
2016-02-22  ,  1.663
2016-02-20  ,  1.668
2016-02-19  ,  1.664
2016-02-18  ,  1.68
2016-02-17  ,  1.676
2016-02-16  ,  1.662
2016-02-15  ,  1.669
2016-02-14  ,  1.697
2016-02-13  ,  1.709
2016-02-12  ,  1.722
2016-02-11  ,  1.745
2016-02-10  ,  1.69
2016-02-09  ,  1.747
2016-02-08  ,  1.696
2016-02-06  ,  1.584
2016-02-05  ,  1.577
2016-02-04  ,  1.586
2016-02-03  ,  1.563
2016-02-02  ,  1.588
2016-02-01  ,  1.569
2016-01-30  ,  1.557
2016-01-29  ,  1.555
2016-01-28  ,  1.63
2016-01-27  ,  1.634
2016-01-26  ,  1.658
2016-01-25  ,  1.659
2016-01-23  ,  1.695
2016-01-22  ,  1.676
2016-01-21  ,  1.728
2016-01-20  ,  1.72
2016-01-19  ,  1.693
2016-01-18  ,  1.674
2016-01-16  ,  1.637
2016-01-15  ,  1.633
2016-01-14  ,  1.635
2016-01-13  ,  1.633
2016-01-12  ,  1.661
2016-01-11  ,  1.623
2016-01-10  ,  1.556
2016-01-09  ,  1.556
2016-01-08  ,  1.586
2016-01-07  ,  1.591
2016-01-06  ,  1.559
2016-01-05  ,  1.612
2016-01-04  ,  1.648
2016-01-02  ,  1.694
2016-01-01  ,  1.729
2015-12-31  ,  1.729
2015-12-30  ,  1.693
2015-12-29  ,  1.706
2015-12-28  ,  1.708
2015-12-26  ,  1.732
2015-12-25  ,  1.732
2015-12-24  ,  1.732
2015-12-23  ,  1.712
2015-12-22  ,  1.674
2015-12-21  ,  1.678
2015-12-19  ,  1.643
2015-12-18  ,  1.646
2015-12-17  ,  1.666
2015-12-16  ,  1.714
2015-12-15  ,  1.7
2015-12-14  ,  1.614
2015-12-12  ,  1.564
2015-12-11  ,  1.571
2015-12-10  ,  1.564
2015-12-09  ,  1.584
2015-12-08  ,  1.585
2015-12-07  ,  1.566
2015-12-06  ,  1.615
2015-12-05  ,  1.638
2015-12-04  ,  1.638
2015-12-03  ,  1.528
2015-12-02  ,  1.503
2015-12-01  ,  1.531
2015-11-30  ,  1.499
2015-11-28  ,  1.505
2015-11-27  ,  1.505
2015-11-26  ,  1.545
2015-11-25  ,  1.568
2015-11-24  ,  1.612
2015-11-23  ,  1.64
2015-11-22  ,  1.625
2015-11-21  ,  1.625
2015-11-20  ,  1.623
2015-11-19  ,  1.669
2015-11-18  ,  1.687
2015-11-17  ,  1.69
2015-11-16  ,  1.726
2015-11-14  ,  1.709
2015-11-13  ,  1.702
2015-11-12  ,  1.736
2015-11-11  ,  1.748
2015-11-10  ,  1.814
2015-11-09  ,  1.816
2015-11-07  ,  1.734
2015-11-06  ,  1.734
2015-11-05  ,  1.71
2015-11-04  ,  1.658
2015-11-03  ,  1.705
2015-11-02  ,  1.712
2015-10-31  ,  1.668
2015-10-30  ,  1.698
2015-10-29  ,  1.63
2015-10-28  ,  1.664
2015-10-27  ,  1.721
2015-10-26  ,  1.705
2015-10-24  ,  1.692
2015-10-23  ,  1.709
2015-10-22  ,  1.819
2015-10-21  ,  1.801
2015-10-20  ,  1.819
2015-10-19  ,  1.777
2015-10-18  ,  1.806
2015-10-17  ,  1.806
2015-10-16  ,  1.832
2015-10-15  ,  1.832
2015-10-14  ,  1.838
2015-10-13  ,  1.848
2015-10-12  ,  1.868
2015-10-11  ,  1.874
2015-10-10  ,  1.854
2015-10-09  ,  1.867
2015-10-08  ,  1.867
2015-10-07  ,  1.893
2015-10-06  ,  1.895
2015-10-05  ,  1.877
2015-10-03  ,  1.865
2015-10-02  ,  1.927
2015-10-01  ,  1.696
2015-09-30  ,  1.714
2015-09-29  ,  1.708
2015-09-28  ,  1.701
2015-09-27  ,  1.701
2015-09-26  ,  1.701
2015-09-25  ,  1.678
2015-09-24  ,  1.676
2015-09-23  ,  1.671
2015-09-22  ,  1.66
2015-09-21  ,  1.686
2015-09-19  ,  1.696
2015-09-18  ,  1.698
2015-09-17  ,  1.796
2015-09-16  ,  1.825
2015-09-15  ,  1.795
2015-09-14  ,  1.816
2015-09-12  ,  1.805
2015-09-11  ,  1.828
2015-09-10  ,  1.789
2015-09-09  ,  1.781
2015-09-08  ,  1.819
2015-09-07  ,  1.862
2015-09-06  ,  1.847
2015-09-05  ,  1.847
2015-09-04  ,  1.861
2015-09-03  ,  1.921
2015-09-02  ,  1.918
2015-09-01  ,  1.892
2015-08-31  ,  1.861
2015-08-29  ,  1.871
2015-08-28  ,  1.872
2015-08-27  ,  1.897
2015-08-26  ,  1.906
2015-08-25  ,  1.86
2015-08-24  ,  1.816
2015-08-22  ,  1.779
2015-08-21  ,  1.775
2015-08-20  ,  1.744
2015-08-19  ,  1.76
2015-08-18  ,  1.75
2015-08-17  ,  1.772
2015-08-15  ,  1.838
2015-08-14  ,  1.843
2015-08-13  ,  1.86
2015-08-12  ,  1.877
2015-08-11  ,  1.89
2015-08-10  ,  1.929
2015-08-08  ,  1.957
2015-08-07  ,  1.95
2015-08-06  ,  1.955
2015-08-05  ,  1.929
2015-08-04  ,  1.918
2015-08-03  ,  1.946
2015-08-02  ,  1.977
2015-08-01  ,  1.964
2015-07-31  ,  1.957
2015-07-30  ,  1.941
2015-07-29  ,  1.971
2015-07-28  ,  1.973
2015-07-27  ,  1.969
2015-07-25  ,  1.963
2015-07-24  ,  1.949
2015-07-23  ,  1.945
2015-07-22  ,  1.971
2015-07-21  ,  2.04
2015-07-20  ,  1.873
2015-07-18  ,  1.913
2015-07-17  ,  1.915
2015-07-16  ,  1.985
2015-07-15  ,  2.0
2015-07-14  ,  2.077
2015-07-13  ,  2.055
2015-07-11  ,  2.134
2015-07-10  ,  2.068
2015-07-09  ,  2.172
2015-07-08  ,  2.234
2015-07-07  ,  2.283
2015-07-06  ,  2.33
2015-07-04  ,  2.313
2015-07-03  ,  2.284
2015-07-02  ,  2.306
2015-07-01  ,  2.258
2015-06-30  ,  2.359
2015-06-29  ,  2.378
2015-06-27  ,  2.221
2015-06-26  ,  2.207
2015-06-25  ,  2.219
2015-06-24  ,  2.176
2015-06-23  ,  2.157
2015-06-22  ,  2.258
2015-06-21  ,  2.425
2015-06-20  ,  2.425
2015-06-19  ,  2.425
2015-06-18  ,  2.514
2015-06-17  ,  2.594
2015-06-16  ,  2.702
2015-06-15  ,  2.417
2015-06-13  ,  2.317
2015-06-12  ,  2.329
2015-06-11  ,  2.294
2015-06-10  ,  2.323
2015-06-09  ,  2.2
2015-06-08  ,  2.135
2015-06-07  ,  2.146
2015-06-06  ,  2.142
2015-06-05  ,  2.107
2015-06-04  ,  2.136
2015-06-03  ,  1.921
2015-06-02  ,  1.882
2015-06-01  ,  1.801
2015-05-30  ,  1.796
2015-05-29  ,  1.791
2015-05-28  ,  1.676
2015-05-27  ,  1.753
2015-05-26  ,  1.763
2015-05-25  ,  1.657
2015-05-23  ,  1.72
2015-05-22  ,  1.658
2015-05-21  ,  1.717
2015-05-20  ,  1.61
2015-05-19  ,  1.565
2015-05-18  ,  1.616
2015-05-16  ,  1.622
2015-05-15  ,  1.622
2015-05-14  ,  1.68
2015-05-13  ,  1.7
2015-05-12  ,  1.696
2015-05-11  ,  1.639
2015-05-09  ,  1.681
2015-05-08  ,  1.681
2015-05-07  ,  1.758
2015-05-06  ,  1.5
2015-05-05  ,  1.335
2015-05-04  ,  1.264
2015-05-02  ,  1.244
2015-05-01  ,  1.25
2015-04-30  ,  1.23
2015-04-29  ,  1.173
2015-04-28  ,  1.094
2015-04-27  ,  1.143
2015-04-25  ,  1.162
2015-04-24  ,  1.107
2015-04-23  ,  1.106
2015-04-22  ,  1.159
2015-04-21  ,  1.1
2015-04-20  ,  1.129
2015-04-18  ,  1.103
2015-04-17  ,  1.083
2015-04-16  ,  1.055
2015-04-15  ,  1.033
2015-04-14  ,  1.026
2015-04-13  ,  1.01
2015-04-11  ,  1.049
2015-04-10  ,  1.059
2015-04-09  ,  1.051
2015-04-08  ,  1.042
2015-04-07  ,  1.071
2015-04-06  ,  1.096
2015-04-04  ,  1.092
2015-04-03  ,  1.09
2015-04-02  ,  1.065
2015-04-01  ,  1.052
2015-03-31  ,  1.151
2015-03-30  ,  1.185
2015-03-28  ,  1.165
2015-03-27  ,  1.196
2015-03-26  ,  1.143
2015-03-25  ,  1.137
2015-03-24  ,  1.098
2015-03-23  ,  1.109
2015-03-21  ,  1.091
2015-03-20  ,  1.108
2015-03-19  ,  1.041
2015-03-18  ,  0.969
2015-03-17  ,  0.884
2015-03-16  ,  0.839
2015-03-14  ,  0.822
2015-03-13  ,  0.792
2015-03-12  ,  0.823
2015-03-11  ,  0.849
2015-03-10  ,  0.863
2015-03-09  ,  0.887
2015-03-08  ,  0.932
2015-03-07  ,  0.932
2015-03-06  ,  0.896
2015-03-05  ,  1.043
2015-03-04  ,  1.077
2015-03-03  ,  1.078
2015-03-02  ,  1.07
2015-02-28  ,  1.162
2015-02-27  ,  1.179
2015-02-26  ,  1.19
2015-02-25  ,  1.347
2015-02-24  ,  1.401
2015-02-23  ,  1.444
2015-02-21  ,  1.464
2015-02-20  ,  1.519
2015-02-19  ,  1.542
2015-02-18  ,  1.535
2015-02-17  ,  1.548
2015-02-16  ,  1.491
2015-02-14  ,  1.508
2015-02-13  ,  1.508
2015-02-12  ,  1.525
2015-02-11  ,  1.529
2015-02-10  ,  1.492
2015-02-09  ,  1.482
2015-02-07  ,  1.444
2015-02-06  ,  1.454
2015-02-05  ,  1.457
2015-02-04  ,  1.464
2015-02-03  ,  1.516
2015-02-02  ,  1.473
2015-02-01  ,  1.488
2015-01-31  ,  1.488
2015-01-30  ,  1.51
2015-01-29  ,  1.531
2015-01-28  ,  1.519
2015-01-27  ,  1.442
2015-01-26  ,  1.429
2015-01-24  ,  1.429
2015-01-23  ,  1.388
2015-01-22  ,  1.83
2015-01-21  ,  1.827
2015-01-20  ,  1.81
2015-01-19  ,  1.802
2015-01-17  ,  1.852
2015-01-16  ,  1.865
2015-01-15  ,  1.878
2015-01-14  ,  1.931
2015-01-13  ,  2.02
2015-01-12  ,  2.058
2015-01-10  ,  2.057
2015-01-09  ,  2.063
2015-01-08  ,  2.04
2015-01-07  ,  1.986
2015-01-06  ,  2.006
2015-01-05  ,  2.022
2015-01-03  ,  2.039
2015-01-02  ,  2.118
2014-12-31  ,  2.17
2014-12-30  ,  2.132
2014-12-29  ,  2.177
2014-12-28  ,  2.211
2014-12-24  ,  2.146
2014-12-23  ,  2.116
2014-12-22  ,  2.128
2014-12-21  ,  2.104
2014-12-20  ,  2.104
2014-12-19  ,  2.126
2014-12-18  ,  2.162
2014-12-17  ,  2.358
2014-12-16  ,  2.415
2014-12-15  ,  2.304
2014-12-14  ,  2.275
2014-12-13  ,  2.275
2014-12-12  ,  2.273
2014-12-11  ,  2.162
2014-12-10  ,  2.164
2014-12-09  ,  2.078
2014-12-08  ,  2.089
2014-12-06  ,  2.105
2014-12-05  ,  2.095
2014-12-04  ,  2.109
2014-12-03  ,  2.087
2014-12-02  ,  2.108
2014-12-01  ,  2.098
2014-11-30  ,  2.115
2014-11-29  ,  2.115
2014-11-28  ,  2.146
2014-11-27  ,  2.298
2014-11-26  ,  2.315
2014-11-25  ,  2.318
2014-11-24  ,  2.459
2014-11-22  ,  2.477
2014-11-21  ,  2.478
2014-11-20  ,  2.55
2014-11-19  ,  2.559
2014-11-18  ,  2.538
2014-11-17  ,  2.576
2014-11-16  ,  2.582
2014-11-15  ,  2.582
2014-11-14  ,  2.582
2014-11-13  ,  2.598
2014-11-12  ,  2.62
2014-11-11  ,  2.637
2014-11-10  ,  2.642
2014-11-08  ,  2.657
2014-11-07  ,  2.677
2014-11-06  ,  2.659
2014-11-05  ,  2.714
2014-11-04  ,  2.773
2014-11-03  ,  2.774
2014-11-01  ,  2.801
2014-10-31  ,  2.801
2014-10-30  ,  2.855
2014-10-29  ,  2.835
2014-10-28  ,  2.827
2014-10-27  ,  2.793
2014-10-25  ,  2.807
2014-10-24  ,  2.799
2014-10-23  ,  2.799
2014-10-22  ,  2.822
2014-10-21  ,  2.871
2014-10-20  ,  2.756
2014-10-18  ,  2.708
2014-10-17  ,  2.716
2014-10-16  ,  2.754
2014-10-15  ,  2.52
2014-10-14  ,  2.521
2014-10-13  ,  2.524
2014-10-11  ,  2.449
2014-10-10  ,  2.449
2014-10-09  ,  2.454
2014-10-08  ,  2.518
2014-10-07  ,  2.462
2014-10-06  ,  2.462
2014-10-04  ,  2.494
2014-10-03  ,  2.494
2014-10-02  ,  2.494
2014-10-01  ,  2.542
2014-09-30  ,  2.679
2014-09-29  ,  2.711
2014-09-27  ,  2.582
2014-09-26  ,  2.542
2014-09-25  ,  2.541
2014-09-24  ,  2.564
2014-09-23  ,  2.596
2014-09-22  ,  2.596
2014-09-20  ,  2.628
2014-09-19  ,  2.691
2014-09-18  ,  2.656
2014-09-17  ,  2.714
2014-09-16  ,  2.697
2014-09-15  ,  2.694
2014-09-13  ,  2.704
2014-09-12  ,  2.659
2014-09-11  ,  2.658
2014-09-10  ,  2.675
2014-09-09  ,  2.66
2014-09-08  ,  2.625
2014-09-06  ,  2.676
2014-09-05  ,  2.676
2014-09-04  ,  2.749
2014-09-03  ,  2.725
2014-09-02  ,  2.689
2014-09-01  ,  2.653
2014-08-31  ,  2.672
2014-08-30  ,  2.672
2014-08-29  ,  2.653
2014-08-28  ,  2.661
2014-08-27  ,  2.712
2014-08-26  ,  2.788
2014-08-25  ,  2.824
2014-08-23  ,  2.957
2014-08-22  ,  2.925
2014-08-21  ,  2.954
2014-08-20  ,  2.98
2014-08-19  ,  3.016
2014-08-18  ,  3.033
2014-08-17  ,  3.073
2014-08-16  ,  3.073
2014-08-15  ,  3.043
2014-08-14  ,  3.087
2014-08-13  ,  3.165
2014-08-12  ,  3.218
2014-08-11  ,  3.302
2014-08-10  ,  3.33
2014-08-09  ,  3.347
2014-08-08  ,  3.347
2014-08-07  ,  3.296
2014-08-06  ,  3.304
2014-08-05  ,  3.246
2014-08-04  ,  3.279
2014-08-02  ,  3.274
2014-08-01  ,  3.321
2014-07-31  ,  3.142
2014-07-30  ,  3.117
2014-07-29  ,  3.117
2014-07-28  ,  3.134
2014-07-27  ,  3.167
2014-07-26  ,  3.167
2014-07-25  ,  3.128
2014-07-24  ,  3.14
2014-07-23  ,  3.141
2014-07-22  ,  3.162
2014-07-21  ,  3.163
2014-07-20  ,  3.152
2014-07-19  ,  3.152
2014-07-18  ,  3.163
2014-07-17  ,  3.147
2014-07-16  ,  3.126
2014-07-15  ,  3.179
2014-07-14  ,  3.205
2014-07-12  ,  3.274
2014-07-11  ,  3.352
2014-07-10  ,  3.341
2014-07-09  ,  3.295
2014-07-08  ,  3.201
2014-07-07  ,  3.222
2014-07-05  ,  3.211
2014-07-04  ,  3.191
2014-07-03  ,  3.213
2014-07-02  ,  3.171
2014-07-01  ,  3.182
2014-06-30  ,  3.085
2014-06-28  ,  3.087
2014-06-27  ,  3.076
2014-06-26  ,  3.064
2014-06-25  ,  3.103
2014-06-24  ,  3.087
2014-06-23  ,  3.098
2014-06-22  ,  3.098
2014-06-21  ,  3.114
2014-06-20  ,  3.045
2014-06-19  ,  3.059
2014-06-18  ,  3.095
2014-06-17  ,  3.091
2014-06-16  ,  2.986
2014-06-14  ,  3.015
2014-06-13  ,  3.015
2014-06-12  ,  3.049
2014-06-11  ,  3.036
2014-06-10  ,  3.006
2014-06-09  ,  3.124
2014-06-07  ,  3.18
2014-06-06  ,  3.226
2014-06-05  ,  3.376
2014-06-04  ,  3.389
2014-06-03  ,  3.372
2014-06-02  ,  3.359
2014-05-31  ,  3.368
2014-05-30  ,  3.359
2014-05-29  ,  3.394
2014-05-28  ,  3.393
2014-05-27  ,  3.506
2014-05-26  ,  3.575
2014-05-25  ,  3.616
2014-05-24  ,  3.616
2014-05-23  ,  3.618
2014-05-22  ,  3.646
2014-05-21  ,  3.713
2014-05-20  ,  3.617
2014-05-19  ,  3.567
2014-05-17  ,  3.579
2014-05-16  ,  3.586
2014-05-15  ,  3.365
2014-05-14  ,  3.386
2014-05-13  ,  3.397
2014-05-12  ,  3.393
2014-05-10  ,  3.428
2014-05-09  ,  3.43
2014-05-08  ,  3.436
2014-05-07  ,  3.396
2014-05-06  ,  3.553
2014-05-05  ,  3.528
2014-05-03  ,  3.462
2014-05-02  ,  3.462
2014-05-01  ,  3.665
2014-04-30  ,  3.663
2014-04-29  ,  3.753
2014-04-28  ,  3.936
2014-04-27  ,  3.748
2014-04-26  ,  3.664
2014-04-25  ,  3.664
2014-04-24  ,  3.561
2014-04-23  ,  3.51
2014-04-22  ,  3.52
2014-04-21  ,  3.566
2014-04-19  ,  3.566
2014-04-18  ,  3.566
2014-04-17  ,  3.566
2014-04-16  ,  3.621
2014-04-15  ,  3.634
2014-04-14  ,  3.669
2014-04-12  ,  3.561
2014-04-11  ,  3.479
2014-04-10  ,  3.468
2014-04-09  ,  3.466
2014-04-08  ,  3.429
2014-04-07  ,  3.412
2014-04-05  ,  3.428
2014-04-04  ,  3.418
2014-04-03  ,  3.43
2014-04-02  ,  3.528
2014-04-01  ,  3.65
2014-03-31  ,  3.648
2014-03-29  ,  3.639
2014-03-28  ,  3.611
2014-03-27  ,  3.712
2014-03-26  ,  3.732
2014-03-25  ,  3.889
2014-03-24  ,  3.885
2014-03-22  ,  3.91
2014-03-21  ,  3.91
2014-03-20  ,  3.91
2014-03-19  ,  3.914
2014-03-18  ,  3.907
2014-03-17  ,  3.918
2014-03-15  ,  3.919
2014-03-14  ,  3.919
2014-03-13  ,  3.934
2014-03-12  ,  3.902
2014-03-11  ,  3.883
2014-03-10  ,  3.901
2014-03-09  ,  3.901
2014-03-08  ,  3.901
2014-03-07  ,  3.901
2014-03-06  ,  3.924
2014-03-05  ,  4.016
2014-03-04  ,  4.05
2014-03-03  ,  4.065
2014-03-01  ,  4.021
2014-02-28  ,  4.021
2014-02-27  ,  4.062
2014-02-26  ,  4.063
2014-02-25  ,  4.109
2014-02-24  ,  4.131
2014-02-22  ,  4.126
2014-02-21  ,  4.126
2014-02-20  ,  4.284
2014-02-19  ,  4.284
2014-02-18  ,  4.288
2014-02-17  ,  4.303
2014-02-15  ,  4.372
2014-02-14  ,  4.372
2014-02-13  ,  4.371
2014-02-12  ,  4.368
2014-02-11  ,  4.499
2014-02-10  ,  4.754
2014-02-08  ,  4.768
2014-02-07  ,  4.768
2014-02-06  ,  4.789
2014-02-05  ,  4.849
2014-02-04  ,  4.872
2014-02-03  ,  4.895
2014-02-01  ,  4.894
2014-01-31  ,  4.894
2014-01-30  ,  4.899
2014-01-29  ,  4.824
2014-01-28  ,  4.79
2014-01-27  ,  4.861
2014-01-25  ,  4.82
2014-01-24  ,  4.82
2014-01-23  ,  4.612
2014-01-22  ,  4.592
2014-01-21  ,  4.61
2014-01-20  ,  4.604
2014-01-18  ,  4.645
2014-01-17  ,  4.645
2014-01-16  ,  4.591
2014-01-15  ,  4.565
2014-01-14  ,  4.575
2014-01-13  ,  4.761
2014-01-11  ,  4.818
2014-01-10  ,  4.818
2014-01-09  ,  4.892
2014-01-08  ,  4.907
2014-01-07  ,  4.976
2014-01-06  ,  4.943
2014-01-04  ,  4.969
2014-01-03  ,  4.969
2014-01-02  ,  4.979
2014-01-01  ,  4.997
2013-12-31  ,  4.997
2013-12-30  ,  5.01
2013-12-28  ,  5.01
2013-12-27  ,  5.01
2013-12-26  ,  5.01
2013-12-25  ,  5.01
2013-12-24  ,  5.01
2013-12-23  ,  5.01
2013-12-21  ,  5.022
2013-12-20  ,  5.022
2013-12-19  ,  4.927
2013-12-18  ,  5.003
2013-12-17  ,  5.146
2013-12-16  ,  5.199
2013-12-14  ,  5.281
2013-12-13  ,  5.281
2013-12-12  ,  5.34
2013-12-11  ,  5.622
2013-12-10  ,  5.642
2013-12-09  ,  5.712
2013-12-07  ,  5.661
2013-12-06  ,  5.661
2013-12-05  ,  5.648
2013-12-04  ,  5.661
2013-12-03  ,  5.66
2013-12-02  ,  5.712
2013-11-30  ,  5.611
2013-11-29  ,  5.611
2013-11-28  ,  5.716
2013-11-27  ,  5.694
2013-11-26  ,  5.714
2013-11-25  ,  5.733
2013-11-23  ,  5.733
2013-11-22  ,  5.733
2013-11-21  ,  5.722
2013-11-20  ,  5.686
2013-11-19  ,  5.701
2013-11-18  ,  5.81
2013-11-17  ,  5.82
2013-11-16  ,  5.865
2013-11-15  ,  5.865
2013-11-14  ,  6.111
2013-11-13  ,  6.168
2013-11-12  ,  6.127
2013-11-11  ,  6.078
2013-11-09  ,  6.175
2013-11-08  ,  6.175
2013-11-07  ,  6.152
2013-11-06  ,  6.202
2013-11-05  ,  6.204
2013-11-04  ,  6.214
2013-11-03  ,  6.261
2013-11-02  ,  6.261
2013-11-01  ,  6.261
2013-10-31  ,  6.285
2013-10-30  ,  6.286
2013-10-29  ,  6.249
2013-10-28  ,  6.193
2013-10-27  ,  6.242
2013-10-26  ,  6.242
2013-10-25  ,  6.242
2013-10-24  ,  6.231
2013-10-23  ,  6.236
2013-10-22  ,  6.297
2013-10-21  ,  6.338
2013-10-19  ,  6.457
2013-10-18  ,  6.457
2013-10-17  ,  6.51
2013-10-16  ,  6.488
2013-10-15  ,  6.773
2013-10-14  ,  6.773
2013-10-12  ,  6.787
2013-10-11  ,  6.787
2013-10-10  ,  6.772
2013-10-09  ,  6.75
2013-10-08  ,  6.815
2013-10-07  ,  6.815
2013-10-06  ,  6.785
2013-10-05  ,  6.785
2013-10-04  ,  6.785
2013-10-03  ,  6.74
2013-10-02  ,  6.689
2013-10-01  ,  6.694
2013-09-30  ,  6.753
2013-09-29  ,  6.774
2013-09-28  ,  6.76
2013-09-27  ,  6.76
2013-09-26  ,  6.746
2013-09-25  ,  6.72
2013-09-24  ,  6.662
2013-09-23  ,  6.64
2013-09-22  ,  6.716
2013-09-21  ,  6.621
2013-09-20  ,  6.621
2013-09-19  ,  6.716
2013-09-18  ,  6.749
2013-09-17  ,  6.778
2013-09-16  ,  6.811
2013-09-15  ,  6.813
2013-09-14  ,  6.762
2013-09-13  ,  6.762
2013-09-12  ,  6.811
2013-09-11  ,  6.81
2013-09-10  ,  6.783
2013-09-09  ,  6.687
2013-09-08  ,  6.799
2013-09-07  ,  6.799
2013-09-06  ,  6.753
2013-09-05  ,  6.792
2013-09-04  ,  6.791
2013-09-03  ,  6.768
2013-09-02  ,  6.768
2013-09-01  ,  6.768
2013-08-31  ,  6.727
2013-08-30  ,  6.727
2013-08-29  ,  6.681
2013-08-28  ,  6.764
2013-08-27  ,  6.755
2013-08-26  ,  6.678
2013-08-24  ,  6.721
2013-08-23  ,  6.721
2013-08-22  ,  6.653
2013-08-21  ,  6.565
2013-08-20  ,  6.535
2013-08-19  ,  6.508
2013-08-17  ,  6.506
2013-08-16  ,  6.506
2013-08-15  ,  6.53
2013-08-14  ,  6.44
2013-08-13  ,  6.458
2013-08-12  ,  6.429
2013-08-11  ,  6.439
2013-08-10  ,  6.439
2013-08-09  ,  6.402
2013-08-08  ,  6.424
2013-08-07  ,  6.439
2013-08-06  ,  6.44
2013-08-05  ,  6.453
2013-08-03  ,  6.497
2013-08-02  ,  6.497
2013-08-01  ,  6.453
2013-07-31  ,  6.426
2013-07-30  ,  6.449
2013-07-29  ,  6.453
2013-07-27  ,  6.599
2013-07-26  ,  6.599
2013-07-25  ,  6.589
2013-07-24  ,  6.489
2013-07-23  ,  6.55
2013-07-22  ,  6.561
2013-07-20  ,  6.565
2013-07-19  ,  6.565
2013-07-18  ,  6.55
2013-07-17  ,  6.629
2013-07-16  ,  6.631
2013-07-15  ,  6.672
2013-07-13  ,  6.771
2013-07-12  ,  6.771
2013-07-11  ,  6.622
2013-07-10  ,  6.646
2013-07-09  ,  6.627
2013-07-08  ,  6.82
2013-07-06  ,  6.714
2013-07-05  ,  6.714
2013-07-04  ,  6.597
2013-07-03  ,  6.684
2013-07-02  ,  6.603
2013-07-01  ,  6.711
2013-06-29  ,  6.807
2013-06-28  ,  6.807
2013-06-27  ,  6.773
2013-06-26  ,  6.825
2013-06-25  ,  6.933
2013-06-24  ,  6.806
2013-06-23  ,  6.681
2013-06-22  ,  6.639
2013-06-21  ,  6.639
2013-06-20  ,  6.653
2013-06-19  ,  6.351
2013-06-18  ,  6.385
2013-06-17  ,  6.379
2013-06-16  ,  6.408
2013-06-15  ,  6.387
2013-06-14  ,  6.387
2013-06-13  ,  6.618
2013-06-12  ,  6.539
2013-06-11  ,  6.423
2013-06-10  ,  6.329
2013-06-08  ,  6.44
2013-06-07  ,  6.476
2013-06-06  ,  6.192
2013-06-05  ,  6.268
2013-06-04  ,  6.17
2013-06-03  ,  6.149
2013-06-01  ,  6.13
2013-05-31  ,  6.13
2013-05-30  ,  5.945
2013-05-29  ,  5.935
2013-05-28  ,  5.958
2013-05-27  ,  5.937
2013-05-25  ,  5.871
2013-05-24  ,  5.902
2013-05-23  ,  5.953
2013-05-22  ,  5.913
2013-05-21  ,  5.984
2013-05-20  ,  5.959
2013-05-18  ,  5.912
2013-05-17  ,  5.912
2013-05-16  ,  5.798
2013-05-15  ,  5.82
2013-05-14  ,  5.771
2013-05-13  ,  5.759
2013-05-11  ,  5.75
2013-05-10  ,  5.75
2013-05-09  ,  5.68
2013-05-08  ,  5.706
2013-05-07  ,  5.691
2013-05-06  ,  5.705
2013-05-04  ,  5.701
2013-05-03  ,  5.701
2013-05-02  ,  5.918
2013-05-01  ,  5.951
2013-04-30  ,  5.872
2013-04-29  ,  5.855
2013-04-27  ,  5.928
2013-04-26  ,  5.928
2013-04-25  ,  5.842
2013-04-24  ,  5.812
2013-04-23  ,  5.981
2013-04-22  ,  6.127
2013-04-20  ,  6.332
2013-04-19  ,  6.332
2013-04-18  ,  6.344
2013-04-17  ,  6.796
2013-04-16  ,  6.96
2013-04-15  ,  6.843
2013-04-13  ,  6.544
2013-04-12  ,  6.544
2013-04-11  ,  6.504
2013-04-10  ,  6.362
2013-04-09  ,  6.208
2013-04-08  ,  6.116
2013-04-06  ,  6.25
2013-04-05  ,  6.25
2013-04-04  ,  6.022
2013-04-03  ,  6.06
2013-04-02  ,  6.087
2013-03-30  ,  6.06
2013-03-29  ,  6.06
2013-03-28  ,  6.155
2013-03-27  ,  6.789
2013-03-26  ,  6.082
2013-03-25  ,  5.195
2013-03-23  ,  5.661
2013-03-22  ,  5.661
2013-03-21  ,  5.196
2013-03-20  ,  5.159
2013-03-19  ,  4.957
2013-03-18  ,  4.97
2013-03-17  ,  4.879
2013-03-16  ,  4.795
2013-03-15  ,  4.795
2013-03-14  ,  4.794
2013-03-13  ,  5.037
2013-03-12  ,  5.022
2013-03-11  ,  5.065
2013-03-09  ,  5.089
2013-03-08  ,  5.089
2013-03-07  ,  5.037
2013-03-06  ,  5.022
2013-03-05  ,  5.12
2013-03-04  ,  5.074
2013-03-02  ,  4.957
2013-03-01  ,  4.957
2013-02-28  ,  5.059
2013-02-27  ,  5.179
2013-02-26  ,  4.988
2013-02-25  ,  4.904
2013-02-23  ,  4.854
2013-02-22  ,  4.854
2013-02-21  ,  4.955
2013-02-20  ,  4.863
2013-02-19  ,  4.879
2013-02-18  ,  4.87
2013-02-17  ,  4.897
2013-02-16  ,  4.9
2013-02-15  ,  4.9
2013-02-14  ,  4.98
2013-02-13  ,  4.982
2013-02-12  ,  5.043
2013-02-11  ,  5.209
2013-02-10  ,  5.095
2013-02-09  ,  5.095
2013-02-08  ,  5.095
2013-02-07  ,  5.018
2013-02-06  ,  5.024
2013-02-05  ,  5.038
2013-02-04  ,  5.009
2013-02-02  ,  4.92
2013-02-01  ,  4.92
2013-01-31  ,  4.898
2013-01-30  ,  4.899
2013-01-29  ,  4.927
2013-01-28  ,  4.905
2013-01-26  ,  5.014
2013-01-25  ,  5.014
2013-01-24  ,  5.107
2013-01-23  ,  5.045
2013-01-22  ,  5.041
2013-01-21  ,  4.991
2013-01-19  ,  5.007
2013-01-18  ,  5.007
2013-01-17  ,  5.014
2013-01-16  ,  4.728
2013-01-15  ,  4.84
2013-01-14  ,  4.629
2013-01-13  ,  4.68
2013-01-12  ,  4.627
2013-01-11  ,  4.627
2013-01-10  ,  4.621
2013-01-09  ,  4.686
2013-01-08  ,  4.768
2013-01-07  ,  4.844
2013-01-05  ,  4.817
2013-01-04  ,  4.817
2013-01-03  ,  4.854
2013-01-02  ,  5.067
2013-01-01  ,  5.025
2012-12-31  ,  5.025
2012-12-30  ,  5.025
2012-12-29  ,  5.018
2012-12-28  ,  5.018
2012-12-27  ,  5.01
2012-12-26  ,  5.128
2012-12-25  ,  5.128
2012-12-24  ,  5.128
2012-12-23  ,  5.128
2012-12-22  ,  5.128
2012-12-21  ,  5.141
2012-12-20  ,  5.125
2012-12-19  ,  5.403
2012-12-18  ,  5.484
2012-12-17  ,  5.495
2012-12-15  ,  5.582
2012-12-14  ,  5.582
2012-12-13  ,  5.55
2012-12-12  ,  5.569
2012-12-11  ,  5.966
2012-12-10  ,  5.828
2012-12-08  ,  5.465
2012-12-07  ,  5.465
2012-12-06  ,  5.496
2012-12-05  ,  5.296
2012-12-04  ,  5.379
2012-12-03  ,  5.38
2012-12-01  ,  5.288
2012-11-30  ,  5.288
2012-11-29  ,  5.289
2012-11-28  ,  5.426
2012-11-27  ,  5.425
2012-11-26  ,  5.476
2012-11-24  ,  5.441
2012-11-23  ,  5.441
2012-11-22  ,  5.59
2012-11-21  ,  5.621
2012-11-20  ,  5.71
2012-11-19  ,  5.719
2012-11-17  ,  5.716
2012-11-16  ,  5.716
2012-11-15  ,  5.692
2012-11-14  ,  5.673
2012-11-13  ,  5.639
2012-11-12  ,  5.531
2012-11-10  ,  5.505
2012-11-09  ,  5.505
2012-11-08  ,  5.474
2012-11-07  ,  5.44
2012-11-06  ,  5.49
2012-11-05  ,  5.482
2012-11-03  ,  5.518
2012-11-02  ,  5.447
2012-11-01  ,  5.518
2012-10-31  ,  5.501
2012-10-30  ,  5.481
2012-10-29  ,  5.483
2012-10-27  ,  5.521
2012-10-26  ,  5.521
2012-10-25  ,  5.426
2012-10-24  ,  5.446
2012-10-23  ,  5.448
2012-10-22  ,  5.486
2012-10-19  ,  5.622
2012-10-18  ,  5.728
2012-10-17  ,  5.753
2012-10-16  ,  6.025
2012-10-15  ,  6.07
2012-10-13  ,  6.166
2012-10-12  ,  6.166
2012-10-11  ,  6.1
2012-10-10  ,  6.123
2012-10-09  ,  6.137
2012-10-08  ,  6.194
2012-10-06  ,  6.201
2012-10-05  ,  6.201
2012-10-04  ,  6.226
2012-10-03  ,  6.247
2012-10-02  ,  6.273
2012-10-01  ,  6.303
2012-09-29  ,  6.257
2012-09-28  ,  6.257
2012-09-27  ,  6.432
2012-09-26  ,  6.375
2012-09-25  ,  6.32
2012-09-24  ,  6.4
2012-09-23  ,  6.438
2012-09-22  ,  6.438
2012-09-21  ,  6.308
2012-09-20  ,  6.314
2012-09-19  ,  6.332
2012-09-18  ,  6.376
2012-09-17  ,  6.484
2012-09-15  ,  6.479
2012-09-14  ,  6.479
2012-09-13  ,  6.389
2012-09-12  ,  6.465
2012-09-11  ,  6.343
2012-09-10  ,  6.408
2012-09-08  ,  6.296
2012-09-07  ,  6.296
2012-09-06  ,  6.896
2012-09-05  ,  6.992
2012-09-04  ,  6.702
2012-09-03  ,  6.813
2012-09-01  ,  6.743
2012-08-31  ,  6.743
2012-08-30  ,  6.685
2012-08-29  ,  6.659
2012-08-28  ,  6.735
2012-08-27  ,  6.749
2012-08-25  ,  6.925
2012-08-24  ,  6.925
2012-08-23  ,  6.945
2012-08-22  ,  7.021
2012-08-21  ,  7.16
2012-08-20  ,  7.371
2012-08-18  ,  7.351
2012-08-17  ,  7.351
2012-08-16  ,  7.298
2012-08-15  ,  7.442
2012-08-14  ,  7.442
2012-08-13  ,  7.461
2012-08-11  ,  7.311
2012-08-10  ,  7.311
2012-08-09  ,  6.946
2012-08-08  ,  6.985
2012-08-07  ,  6.839
2012-08-06  ,  6.724
2012-08-05  ,  7.024
2012-08-04  ,  7.024
2012-08-03  ,  7.024
2012-08-02  ,  6.358
2012-08-01  ,  6.43
2012-07-31  ,  6.519
2012-07-30  ,  6.505
2012-07-28  ,  6.575
2012-07-27  ,  6.575
2012-07-26  ,  6.717
2012-07-25  ,  6.626
2012-07-24  ,  6.734
2012-07-23  ,  6.758
2012-07-21  ,  6.404
2012-07-20  ,  6.404
2012-07-19  ,  6.435
2012-07-18  ,  6.444
2012-07-17  ,  6.482
2012-07-16  ,  6.666
2012-07-14  ,  6.75
2012-07-13  ,  6.75
2012-07-12  ,  6.59
2012-07-11  ,  6.769
2012-07-10  ,  6.712
2012-07-09  ,  6.941
2012-07-08  ,  6.598
2012-07-07  ,  6.598
2012-07-06  ,  6.598
2012-07-05  ,  6.245
2012-07-04  ,  6.205
2012-07-03  ,  6.092
2012-07-02  ,  6.262
2012-07-01  ,  6.093
2012-06-30  ,  6.093
2012-06-29  ,  6.093
2012-06-28  ,  6.163
2012-06-27  ,  6.16
2012-06-26  ,  5.984
2012-06-25  ,  6.078
2012-06-24  ,  6.078
2012-06-22  ,  6.078
2012-06-21  ,  5.925
2012-06-20  ,  6.216
2012-06-19  ,  6.267
2012-06-18  ,  5.999
2012-06-17  ,  5.609
2012-06-16  ,  5.609
2012-06-15  ,  5.609
2012-06-14  ,  5.928
2012-06-13  ,  5.588
2012-06-12  ,  5.459
2012-06-11  ,  5.604
2012-06-10  ,  5.383
2012-06-08  ,  5.383
2012-06-07  ,  5.451
2012-06-06  ,  5.367
2012-06-05  ,  5.39
2012-06-04  ,  5.42
2012-06-03  ,  5.465
2012-06-01  ,  5.465
2012-05-31  ,  5.345
2012-05-30  ,  5.339
2012-05-29  ,  5.283
2012-05-28  ,  5.28
2012-05-27  ,  5.296
2012-05-26  ,  5.296
2012-05-25  ,  5.296
2012-05-24  ,  5.292
2012-05-23  ,  5.319
2012-05-22  ,  5.383
2012-05-21  ,  5.514
2012-05-20  ,  5.397
2012-05-19  ,  5.397
2012-05-18  ,  5.397
2012-05-17  ,  5.372
2012-05-16  ,  5.522
2012-05-15  ,  5.334
2012-05-14  ,  5.291
2012-05-13  ,  5.439
2012-05-11  ,  5.439
2012-05-10  ,  5.449
2012-05-09  ,  5.362
2012-05-08  ,  5.348
2012-05-07  ,  5.449
2012-05-06  ,  5.431
2012-05-05  ,  5.431
2012-05-04  ,  5.431
2012-05-03  ,  5.411
2012-05-02  ,  5.617
2012-05-01  ,  5.465
2012-04-30  ,  5.465
2012-04-29  ,  5.612
2012-04-27  ,  5.612
2012-04-26  ,  5.492
2012-04-25  ,  5.567
2012-04-24  ,  5.536
2012-04-23  ,  5.523
2012-04-22  ,  5.525
2012-04-21  ,  5.525
2012-04-20  ,  5.525
2012-04-19  ,  5.439
2012-04-18  ,  5.494
2012-04-17  ,  5.57
2012-04-16  ,  5.533
2012-04-15  ,  5.494
2012-04-14  ,  5.494
2012-04-13  ,  5.494
2012-04-12  ,  5.496
2012-04-11  ,  5.4
2012-04-10  ,  5.341
2012-04-09  ,  5.278
2012-04-08  ,  5.278
2012-04-07  ,  5.278
2012-04-06  ,  5.278
2012-04-05  ,  5.278
2012-04-04  ,  5.305
2012-04-03  ,  5.278
2012-04-02  ,  5.261
2012-04-01  ,  5.302
2012-03-31  ,  5.302
2012-03-30  ,  5.302
2012-03-29  ,  5.34
2012-03-28  ,  5.287
2012-03-27  ,  5.212
2012-03-26  ,  5.225
2012-03-25  ,  5.422
2012-03-24  ,  5.422
2012-03-23  ,  5.422
2012-03-22  ,  5.108
2012-03-21  ,  5.156
2012-03-20  ,  5.112
2012-03-19  ,  5.105
2012-03-18  ,  5.136
2012-03-17  ,  5.136
2012-03-16  ,  5.136
2012-03-15  ,  5.079
2012-03-14  ,  5.021
2012-03-13  ,  5.057
2012-03-12  ,  5.008
2012-03-11  ,  4.994
2012-03-10  ,  4.994
2012-03-09  ,  4.994
2012-03-08  ,  5.178
2012-03-07  ,  5.323
2012-03-06  ,  5.117
2012-03-05  ,  5.347
2012-03-04  ,  5.368
2012-03-03  ,  5.368
2012-03-02  ,  5.368
2012-03-01  ,  5.391
2012-02-29  ,  5.533
2012-02-28  ,  5.56
2012-02-27  ,  5.64
2012-02-25  ,  5.677
2012-02-24  ,  5.677
2012-02-23  ,  5.788
2012-02-22  ,  5.761
2012-02-21  ,  5.787
2012-02-20  ,  5.842
2012-02-19  ,  5.823
2012-02-18  ,  5.823
2012-02-17  ,  5.823
2012-02-16  ,  5.813
2012-02-15  ,  5.773
2012-02-14  ,  5.809
2012-02-13  ,  5.8
2012-02-10  ,  5.827
2012-02-09  ,  5.802
2012-02-08  ,  5.885
2012-02-07  ,  5.885
2012-02-06  ,  5.943
2012-02-03  ,  6.018
2012-02-02  ,  6.28
2012-02-01  ,  6.323
2012-01-31  ,  6.488
2012-01-30  ,  6.492
2012-01-27  ,  6.556
2012-01-26  ,  6.64
2012-01-25  ,  6.598
2012-01-24  ,  6.592
2012-01-23  ,  6.705
2012-01-20  ,  6.816
2012-01-19  ,  6.949
2012-01-18  ,  6.933
2012-01-17  ,  7.007
2012-01-16  ,  7.147
2012-01-13  ,  7.151
2012-01-12  ,  7.114
2012-01-11  ,  7.14
2012-01-10  ,  7.024
2012-01-09  ,  7.02
2012-01-06  ,  7.072
2012-01-05  ,  6.704
2012-01-04  ,  6.834
2012-01-03  ,  6.686
2012-01-02  ,  6.565
2011-12-30  ,  6.565
2011-12-29  ,  6.673
2011-12-28  ,  6.702
2011-12-27  ,  6.704
2011-12-23  ,  6.496
2011-12-22  ,  6.722
2011-12-21  ,  6.698
2011-12-20  ,  6.688
2011-12-19  ,  6.698
2011-12-16  ,  6.841
2011-12-15  ,  6.695
2011-12-14  ,  6.573
2011-12-13  ,  6.831
2011-12-12  ,  6.56
2011-12-09  ,  6.741
2011-12-08  ,  6.611
2011-12-07  ,  6.667
2011-12-06  ,  6.716
2011-12-05  ,  6.553
2011-12-02  ,  6.664
2011-12-01  ,  6.736
2011-11-30  ,  7.041
2011-11-29  ,  5.596
2011-11-28  ,  5.596
2011-11-25  ,  5.596
2011-11-24  ,  5.596
2011-11-23  ,  5.596
2011-11-22  ,  5.596
2011-11-21  ,  5.596
2011-11-18  ,  5.596
2011-11-17  ,  5.596
2011-11-16  ,  5.596
2011-11-15  ,  5.596
2011-11-14  ,  5.596
2011-11-11  ,  5.596
2011-11-10  ,  5.596
2011-11-09  ,  5.596
2011-11-08  ,  5.596
2011-11-07  ,  5.596
2011-11-04  ,  5.596
2011-11-03  ,  5.596
2011-11-02  ,  5.596
2011-11-01  ,  5.596
2011-10-31  ,  5.596
2011-10-28  ,  5.612
2011-10-27  ,  5.598
2011-10-26  ,  5.53
2011-10-25  ,  5.608
2011-10-24  ,  5.713
2011-10-21  ,  5.622
2011-10-20  ,  5.608
2011-10-19  ,  5.505
2011-10-18  ,  5.435
2011-10-17  ,  5.463
2011-10-14  ,  5.557
2011-10-13  ,  5.482
2011-10-12  ,  5.454
2011-10-11  ,  5.422
2011-10-10  ,  5.395
2011-10-07  ,  5.526
2011-10-06  ,  5.314
2011-10-05  ,  5.346
2011-10-04  ,  5.219
2011-10-03  ,  5.216
2011-09-30  ,  5.138
2011-09-29  ,  5.172
2011-09-28  ,  5.09
2011-09-27  ,  5.112
2011-09-26  ,  5.055
2011-09-23  ,  5.029
2011-09-22  ,  4.954
2011-09-21  ,  4.966
2011-09-20  ,  4.912
2011-09-19  ,  4.854
2011-09-16  ,  4.895
2011-09-15  ,  5.032
2011-09-14  ,  5.092
2011-09-13  ,  5.023
2011-09-12  ,  4.913
2011-09-09  ,  4.844
2011-09-08  ,  4.835
2011-09-07  ,  4.892
2011-09-06  ,  4.935
2011-09-05  ,  4.812
2011-09-02  ,  4.778
2011-09-01  ,  4.805
2011-08-31  ,  4.77
2011-08-30  ,  4.774
2011-08-29  ,  4.834
2011-08-26  ,  4.731
2011-08-25  ,  4.724
2011-08-24  ,  4.747
2011-08-23  ,  4.701
2011-08-22  ,  4.757
2011-08-19  ,  4.719
2011-08-18  ,  4.673
2011-08-17  ,  4.907
2011-08-16  ,  4.92
2011-08-15  ,  4.945
2011-08-12  ,  4.978
2011-08-11  ,  4.936
2011-08-10  ,  5.002
2011-08-09  ,  5.069
2011-08-08  ,  5.081
2011-08-05  ,  5.243
2011-08-04  ,  5.215
2011-08-03  ,  5.226
2011-08-02  ,  5.216
2011-08-01  ,  5.132
2011-07-29  ,  5.111
2011-07-28  ,  5.08
2011-07-27  ,  4.986
2011-07-26  ,  5.027
2011-07-25  ,  4.994
2011-07-22  ,  4.969
2011-07-21  ,  5.0
2011-07-20  ,  5.136
2011-07-19  ,  5.139
2011-07-18  ,  5.24
2011-07-15  ,  5.268
2011-07-14  ,  5.183
2011-07-13  ,  5.154
2011-07-12  ,  5.263
2011-07-11  ,  5.162
2011-07-08  ,  4.826
2011-07-07  ,  4.842
2011-07-06  ,  4.79
2011-07-05  ,  4.71
2011-07-04  ,  4.695
2011-07-01  ,  4.724
2011-06-30  ,  4.773
2011-06-29  ,  4.814
2011-06-28  ,  4.81
2011-06-27  ,  4.793
2011-06-24  ,  4.724
2011-06-23  ,  4.744
2011-06-22  ,  4.826
2011-06-21  ,  4.809
2011-06-20  ,  4.792
2011-06-17  ,  4.72
2011-06-16  ,  4.769
2011-06-15  ,  4.719
2011-06-14  ,  4.67
2011-06-13  ,  4.656
2011-06-10  ,  4.656
2011-06-09  ,  4.631
2011-06-08  ,  4.642
2011-06-07  ,  4.504
2011-06-06  ,  4.538
2011-06-03  ,  4.473
2011-06-02  ,  4.478
2011-06-01  ,  4.452
2011-05-31  ,  4.481
2011-05-30  ,  4.437
2011-05-27  ,  4.437
2011-05-26  ,  4.34
2011-05-25  ,  4.395
2011-05-24  ,  4.42
2011-05-23  ,  4.439
2011-05-20  ,  4.401
2011-05-19  ,  4.453
2011-05-18  ,  4.406
2011-05-17  ,  4.434
2011-05-16  ,  4.513
2011-05-13  ,  4.413
2011-05-12  ,  4.453
2011-05-11  ,  4.462
2011-05-10  ,  4.498
2011-05-09  ,  4.468
2011-05-06  ,  4.53
2011-05-05  ,  4.576
2011-05-04  ,  4.642
2011-05-03  ,  4.648
2011-05-02  ,  4.656
2011-04-29  ,  4.652
2011-04-28  ,  4.675
2011-04-27  ,  4.754
2011-04-26  ,  4.712
2011-04-21  ,  4.671
2011-04-20  ,  4.756
2011-04-19  ,  4.741
2011-04-18  ,  4.736
2011-04-15  ,  4.798
2011-04-14  ,  4.596
2011-04-13  ,  4.651
2011-04-12  ,  4.638
2011-04-11  ,  4.678
2011-04-08  ,  4.701
2011-04-07  ,  4.664
2011-04-06  ,  4.658
2011-04-05  ,  4.661
2011-04-04  ,  4.654
2011-04-01  ,  4.685
2011-03-31  ,  4.642
2011-03-30  ,  4.606
2011-03-29  ,  4.612
2011-03-28  ,  4.622
2011-03-25  ,  4.61
2011-03-24  ,  4.598
2011-03-23  ,  4.564
2011-03-22  ,  4.492
2011-03-21  ,  4.443
2011-03-18  ,  4.401
2011-03-17  ,  4.401
2011-03-16  ,  4.358
2011-03-15  ,  4.413
2011-03-14  ,  4.415
2011-03-11  ,  4.5
2011-03-10  ,  4.563
2011-03-09  ,  4.642
2011-03-08  ,  4.572
2011-03-07  ,  4.547
2011-03-04  ,  4.501
2011-03-03  ,  4.524
2011-03-02  ,  4.46
2011-03-01  ,  4.464
2011-02-28  ,  4.461
2011-02-25  ,  4.411
2011-02-24  ,  4.445
2011-02-23  ,  4.399
2011-02-22  ,  4.466
2011-02-21  ,  4.425
2011-02-18  ,  4.528
2011-02-17  ,  4.46
2011-02-16  ,  4.454
2011-02-15  ,  4.561
2011-02-14  ,  4.595
2011-02-11  ,  4.541
2011-02-10  ,  4.575
2011-02-09  ,  4.534
2011-02-08  ,  4.489
2011-02-07  ,  4.48
2011-02-04  ,  4.456
2011-02-03  ,  4.42
2011-02-02  ,  4.401
2011-02-01  ,  4.369
2011-01-31  ,  4.365
2011-01-28  ,  4.378
2011-01-27  ,  4.377
2011-01-26  ,  4.325
2011-01-25  ,  4.297
2011-01-24  ,  4.278
2011-01-21  ,  4.354
2011-01-20  ,  4.37
2011-01-19  ,  4.344
2011-01-18  ,  4.386
2011-01-17  ,  4.317
2011-01-14  ,  4.328
2011-01-13  ,  4.328
2011-01-12  ,  4.358
2011-01-11  ,  4.399
2011-01-10  ,  4.281
2011-01-07  ,  4.164
2011-01-06  ,  4.198
2011-01-05  ,  4.253
2011-01-04  ,  4.177
2011-01-03  ,  4.201
2010-12-31  ,  4.275
2010-12-30  ,  4.272
2010-12-29  ,  4.315
2010-12-28  ,  4.293
2010-12-27  ,  4.328
2010-12-24  ,  4.276
2010-12-23  ,  4.287
2010-12-22  ,  4.21
2010-12-21  ,  4.22
2010-12-20  ,  4.165
2010-12-17  ,  4.241
2010-12-16  ,  4.241
2010-12-15  ,  4.176
2010-12-14  ,  4.167
2010-12-13  ,  4.144
2010-12-10  ,  4.091
2010-12-09  ,  4.071
2010-12-08  ,  4.122
2010-12-07  ,  4.017
2010-12-06  ,  3.992
2010-12-03  ,  4.073
2010-12-02  ,  3.932
2010-12-01  ,  3.943
2010-11-30  ,  4.055
2010-11-29  ,  4.035
2010-11-26  ,  3.961
2010-11-25  ,  3.922
2010-11-24  ,  3.939
2010-11-23  ,  3.719
2010-11-22  ,  3.721
2010-11-19  ,  3.818
2010-11-18  ,  3.831
2010-11-17  ,  3.779
2010-11-16  ,  3.819
2010-11-15  ,  3.803
2010-11-12  ,  3.805
2010-11-11  ,  3.765
2010-11-10  ,  3.685
2010-11-09  ,  3.669
2010-11-08  ,  3.692
2010-11-05  ,  3.761
2010-11-04  ,  3.692
2010-11-03  ,  3.649
2010-11-02  ,  3.702
2010-11-01  ,  3.655
2010-10-29  ,  3.652
2010-10-28  ,  3.705
2010-10-27  ,  3.706
2010-10-26  ,  3.678
2010-10-25  ,  3.66
2010-10-22  ,  3.668
2010-10-21  ,  3.64
2010-10-20  ,  3.614
2010-10-19  ,  3.538
2010-10-18  ,  3.506
2010-10-15  ,  3.508
2010-10-14  ,  3.472
2010-10-13  ,  3.469
2010-10-12  ,  3.434
2010-10-11  ,  3.492
2010-10-08  ,  3.521
2010-10-07  ,  3.571
2010-10-06  ,  3.553
2010-10-05  ,  3.6
2010-10-04  ,  3.591
2010-10-01  ,  3.649
2010-09-30  ,  4.086
2010-09-29  ,  4.086
2010-09-28  ,  4.086
2010-09-27  ,  4.086
2010-09-24  ,  4.086
2010-09-23  ,  4.086
2010-09-22  ,  4.087
2010-09-21  ,  4.552
2010-09-20  ,  4.552
2010-09-17  ,  4.552
2010-09-16  ,  4.085
2010-09-15  ,  4.085
2010-09-14  ,  4.085
2010-09-13  ,  4.085
2010-09-10  ,  4.085
2010-09-09  ,  4.085
2010-09-08  ,  4.085
2010-09-07  ,  4.085
2010-09-06  ,  4.085
2010-09-03  ,  4.085
2010-09-02  ,  4.085
2010-09-01  ,  4.085
2010-08-31  ,  4.085
2010-08-30  ,  4.085
2010-08-27  ,  4.085
2010-08-26  ,  4.085
2010-08-25  ,  4.086
2010-08-24  ,  4.087
2010-08-23  ,  4.087
2010-08-20  ,  4.087
2010-08-19  ,  4.087
2010-08-18  ,  4.088
2010-08-17  ,  4.088
2010-08-16  ,  4.096
2010-08-13  ,  4.273
2010-08-12  ,  4.273
2010-08-11  ,  4.273
2010-08-10  ,  4.273
2010-08-09  ,  4.273
2010-08-06  ,  4.273
2010-08-05  ,  4.273
2010-08-04  ,  4.273
2010-08-03  ,  4.273
2010-08-02  ,  4.871
2010-07-30  ,  4.871
2010-07-29  ,  4.871
2010-07-28  ,  4.581
2010-07-27  ,  4.581
2010-07-26  ,  4.581
2010-07-23  ,  4.581
2010-07-22  ,  4.581
2010-07-21  ,  4.581
2010-07-20  ,  4.581
2010-07-19  ,  4.582
2010-07-16  ,  4.405
2010-07-15  ,  4.405
2010-07-14  ,  4.405
2010-07-13  ,  4.179
2010-07-12  ,  4.106
2010-07-09  ,  4.106
2010-07-08  ,  4.106
2010-07-07  ,  4.106
2010-07-06  ,  4.106
2010-07-05  ,  4.106
2010-07-02  ,  4.106
2010-07-01  ,  4.106
2010-06-30  ,  4.106
2010-06-29  ,  4.108
2010-06-28  ,  4.108
2010-06-25  ,  4.108
2010-06-24  ,  4.108
2010-06-23  ,  4.109
2010-06-22  ,  4.109
2010-06-21  ,  4.11
2010-06-18  ,  4.11
2010-06-17  ,  4.11
2010-06-16  ,  4.11
2010-06-15  ,  4.11
2010-06-14  ,  4.1
2010-06-11  ,  4.1
2010-06-10  ,  4.1
2010-06-09  ,  4.1
2010-06-08  ,  4.1
2010-06-07  ,  4.1
2010-06-04  ,  4.1
2010-06-03  ,  4.1
2010-06-02  ,  4.1
2010-06-01  ,  4.1
2010-05-31  ,  4.1
2010-05-28  ,  4.1
2010-05-27  ,  4.101
2010-05-26  ,  4.101
2010-05-25  ,  4.116
2010-05-24  ,  4.58
2010-05-21  ,  4.117
2010-05-20  ,  4.117
2010-05-19  ,  4.258
2010-05-18  ,  4.258
2010-05-17  ,  4.258
2010-05-14  ,  4.251
2010-05-13  ,  4.251
2010-05-12  ,  4.193
2010-05-11  ,  4.193
2010-05-10  ,  4.252
2010-05-07  ,  4.267
2010-05-06  ,  4.268
2010-05-05  ,  4.268
2010-05-04  ,  4.122
2010-05-03  ,  4.122
2010-04-30  ,  4.417
2010-04-29  ,  4.417
2010-04-28  ,  4.418
2010-04-27  ,  4.418
2010-04-26  ,  4.418
